﻿<?xml version="1.0" encoding="utf-8"?>
<!DOCTYPE concept PUBLIC "-//OASIS//DTD DITA Concept//EN" "concept.dtd">
<concept id="concept_AD6B33B2C36B4AB38343E0FE1DE18E3B"> 
  <title> Assets and Sharing</title> 
  <shortdesc>Marketing Cloud Assets provide a single, centralized repository of
	 marketing-ready assets that you can share across solutions. An asset is a
	 digital document, image, video, or audio (or part thereof) that can have
	 multiple renditions and can have sub-assets (for example, layers in a Photoshop
	 file, slides in a PowerPoint file, pages in a PDF, files in a ZIP).
  </shortdesc> 
  <prolog> 
	 <metadata> 
		<othermeta name="solution" content="Marketing Cloud"/> </metadata>
  </prolog> 
  <conbody> 
	 <p>
	 </p> 
	 <p> Asset services include: 
	 </p> 
	 <ul id="ul_48BD7FCF4C244F1CA7C107D288EE6CA2"> 
		<li id="li_9C02373DECDB4321B1F0CFDE2837A932"> Asset storage, management
		  interface, embedded selection interface (accessed through solutions)
		</li> 
		<li id="li_4270065BE4F74F4C8F54D786049858F8">Integrations with Creative
		  Cloud, Marketing Cloud collaboration, and Marketing Cloud solutions.
		</li> 
	 </ul> 
	 <p>Using Assets in the Marketing cloud enables teams to use centralized,
		approved assets across channels and customer experiences. Using assets improves
		consistency and brand compliance, and speeds time to market. You can streamline
		workflows in solutions:
	 </p>
	 <ul id="ul_8EEA1326575546B7810115C6D0D6D621">
		<li
		 id="li_66F50DF08D85474AB6CC9BA3C8AC84C2"><b><keyword>Social</keyword></b>:
		  Publish to social properties, Facebook, Twitter, LinkedIn, Google+
		</li>
		<li
		 id="li_9F555D14D73B46C199BE1175A3561BBD"><b><keyword>Target</keyword></b>: Crat
		  experiences for A/B and multivariate tests.
		</li>
		<li id="li_0F7147739B4B472E96160EC1E7DB711D"><b><keyword>Media
				Optimizer</keyword></b>: Develop ad units across different channels and
		  campaigns
		</li>
		<li
		 id="li_5023A5E84BC641FF95BD347B7C329B8B"><b><keyword>Campaign</keyword></b>:
		  Place assets into email newsletters and campaigns.
		</li>
	 </ul>
	 <section id="section_45C1B72F4D274F54BC6CCB64D2580AC5"> 
		<title>Asset Sharing with Experience Manager</title> 
		<p>You can share assets within Adobe Experience Manager (AEM) Assets with
		  the 
		  <keyword>Marketing Cloud</keyword> and 
		  <keyword>Adobe Creative Cloud</keyword>. Any changes to these assets
		  are reflected in the shared copies of the assets in Marketing Cloud and 
		  <keyword>Creative Cloud</keyword>. Similarly, any changes you make to
		  the shared copies of the assets from within 
		  <keyword>Marketing Cloud</keyword> and 
		  <keyword>Creative Cloud</keyword> are reflected in the original assets
		  in AEM Assets. 
		</p> 
		<draft-comment>
		  <p>See 
			 <xref
			  href="http://docs.adobe.com/content/docs/en/aem/6-0/administer/content/assets/mac-asset-sync.html"
			  format="http" scope="external">Synchronizing AEM assets with MAC</xref>. 
		  </p>
		</draft-comment> 
	 </section> 
  </conbody> 
</concept> 
