﻿<?xml version="1.0" encoding="utf-8"?>
<!DOCTYPE concept PUBLIC "-//OASIS//DTD DITA Concept//EN" "concept.dtd">
<concept id="concept_B40C2CD97D7242E8A129D73D08DE507D"> 
  <title>Implementing Audience Services (MMP) in the Marketing Cloud</title> 
  <shortdesc> The Master Marketing Profile is enabled by using an updated
	 Marketing Cloud Visitor ID service. This is a common ID that will be used by
	 all Adobe Marketing Cloud solutions. This is an ID that deploys alongside
	 solution-specific IDs. 
  </shortdesc> 
  <prolog> 
	 <metadata> 
		<othermeta name="solution" content="Marketing Cloud"/> </metadata>
  </prolog> 
  <conbody> 
	 <note>Administrators, before proceeding you should have already contacted
		Adobe to provision your company in the 
		<keyword>Marketing Cloud</keyword>. To do so, complete the 
		<xref href="https://adobeformscentral.com/?f=hC4PfUjb5dP-AjBInCC%2ABA"
		 format="https" scope="external">Adobe Marketing Cloud Interface Opt-In
		  Application</xref>. 
		<p>See 
		  <xref
			href="admin_getting_started.xml#concept_A9A190B372C5450CA53D60431D362143"
			format="dita" scope="local"><?xm-replace_text Administrators - Getting Started?></xref>
		  for more information. 
		</p> 
	 </note> 
	 <note>IP Obfuscation: Raw Analytics data collected in the real-time
		audiences framework does not recognize the IP obfuscation available for Adobe
		Analytics customers. Customers who currently use IP obfuscation in Analytics
		are encouraged to review their data collection and privacy policies before
		requesting real-time audience enablement to avoid violating these policies. We
		will be updating the data collection framework this summer to support IP
		obfuscation for real-time audience management. 
	 </note> 
	 <draft-comment> 
		<p>CNAME support coming in 
		</p> 
		<p>https://issues.adobe.com/browse/AN-85429 
		</p> 
		<p>https://wiki.corp.adobe.com/display/omtrcache/1st+Party+and+Friendly+3rd+Party+Domain+Support+for+Marketing+Cloud+Visitor+ID+Service#id-1stPartyandFriendly3rdPartyDomainSupportforMarketingCloudVisitorIDService-Solution
		  
		</p> 
		<p>Set the flag to indicate you are a CNAME customer when implementing
		  the VisID. Set to host name you're using for data collection. Luby. 
		</p> 
	 </draft-comment> 
	 <section id="section_63320C99F732424A9233B25496473397"> 
		<title>Implementation Steps for Audience Services</title> 
		<table id="table_CFCBB90DCD3A47779D05005D0070A454"> 
		  <tgroup cols="2"> 
			 <colspec colnum="1" colname="col1" colwidth="1.00*"/> 
			 <colspec colnum="2" colname="col2" colwidth="1.60*"/> 
			 <thead> 
				<row> 
				  <entry colname="col1"> 
					 <p>Step 
					 </p> 
				  </entry> 
				  <entry colname="col2"> 
					 <p>Description 
					 </p> 
				  </entry> 
				</row> 
			 </thead> 
			 <tbody> 
				<row> 
				  <entry colname="col1"> 
					 <p> 
						<image href="graphics/step1_icon.png"
						id="image_7186EC4B78B44C83ACC9921395DC73E9"></image> Ensure that you have an 
						<keyword>Analytics</keyword> Solution SKU. 
					 </p> 
				  </entry> 
				  <entry colname="col2"> 
					 <p>You must have the 
						<keyword>Adobe Analytics</keyword> Solution SKU (not the
						legacy 
						<keyword>SiteCatalyst</keyword> SKU). The 
						<keyword>Analytics</keyword> Solution SKU became available in
						2013. 
					 </p> 
					 <p>You must also have any 
						<keyword>Adobe Target</keyword> SKU. 
					 </p> 
				  </entry> 
				</row> 
				<row> 
				  <entry colname="col1"> 
					 <p> 
						<image href="graphics/step2_icon.png"
						id="image_DA5324656B704BAF8161FD2D4C7489FE"></image> Use the 
						<xref
						href="http://microsite.omniture.com/t2/help/en_US/whitepapers/rdc/rdc_transition.html"
						format="http" scope="external">regional data collection</xref> service (RDC) 
					 </p> 
				  </entry> 
				  <entry colname="col2"> 
					 <p> If your data collection domain is 
						<filepath>omtrdc.net</filepath>, or if your CNAME is mapped
						to 
						<filepath>omtrdc.net</filepath>, you are on RDC. 
					 </p> 
					 <note>Companies that use the CNAME functionality to track
						visitors across multiple domains, using the first-party cookie in a third-party
						context, might be invalidated by the migration to the visitor ID service. If
						you depend on CNAME functionality, you should avoid implementing the Visitor ID
						service until CNAME support for the Visitor ID service is released on June 19. 
						<p>See 
						  <xref
						  href="http://microsite.omniture.com/t2/help/en_US/mcvid/mcvid_cname.html"
						  format="http" scope="external">CNAME and the Visitor ID Service</xref>. 
						</p> 
					 </note> 
				  </entry> 
				</row> 
				<row> 
				  <entry colname="col1"> 
					 <p> 
						<image href="graphics/step3_icon.png"
						id="image_54F9C7185C8845AF82BB23F070290858"></image> Configure the Marketing
						Cloud Visitor ID service, and update specified implementation files. 
					 </p> 
				  </entry> 
				  <entry colname="col2"> 
					 <p>Perform the following JavaScript implementation steps: 
					 </p> 
					 <ol id="ol_CFE8A68F44E2484CAD495E13D8255671"> 
						<li id="li_B56294C6D39643718BD919A5C77CC143"> 
						  <p>Implement the Visitor ID Service. 
						  </p> 
						  <p>Perform the steps described in 
							 <xref
							 href="http://microsite.omniture.com/t2/help/en_US/mcvid/mcvid_implement.html"
							 format="http" scope="external">Visitor ID Service Implementation</xref>. 
						  </p> 
						</li> 
						<li id="li_9E4AB533FB174E2399E5B161DDFCDB9D"> 
						  <p>Update your existing 
							 <filepath>s_code</filepath> to version H.27 or later, or
							 your existing 
							 <filepath>AppMeasurement.js</filepath> to version 1.3 or
							 later. 
						  </p> 
						  <p> These files are available for download in the 
							 <xref
							 href="http://microsite.omniture.com/t2/help/en_US/reference/index.html?f=code_manager_admin.html"
							 format="http" scope="external">Code Manager</xref>. 
						  </p> 
						  <p> If necessary, see the 
							 <xref
							 href="http://microsite.omniture.com/t2/help/en_US/sc/implement/" format="http"
							 scope="external">Analytics Implementation</xref> reference guide for
							 information about a JavaScript implementation. 
						  </p> 
						</li> 
						<li id="li_0CE33EDFF2D54984B62BC8BB6ABCB014"> 
						  <p>(Optional) 
							 <xref
							 href="http://microsite.omniture.com/t2/help/en_US/target/a4t/c_implementation.html"
							 format="http" scope="external">Implement Analytics for Target</xref>. 
						  </p> 
						  <p>Refresh the 
							 <filepath>mbox.js</filepath> implementation for 
							 <keyword>Target</keyword> (version 48 or later). 
						  </p> 
						</li> 
					 </ol> 
				  </entry> 
				</row> 
				<row> 
				  <entry colname="col1"> 
					 <p> 
						<image href="graphics/step4_icon.png"
						id="image_69313071C6BB4964B25214B0FC6BEF1C"></image> Request access to the
						audience service. 
					 </p> 
				  </entry> 
				  <entry colname="col2"> 
					 <p>Complete the 
						<xref href="http://adobe.com/go/audiences" format="http"
						scope="external">Audiences Services Access Request</xref> form. 
					 </p>
				  </entry> 
				</row> 
			 </tbody> 
		  </tgroup> 
		</table> 
	 </section> 
  </conbody> 
</concept> 
