﻿<?xml version="1.0" encoding="utf-8"?>
<!DOCTYPE concept PUBLIC "-//OASIS//DTD DITA Concept//EN" "concept.dtd">
<concept id="concept_3D52E1DED6D04ECC949B514E182C4655"> 
  <title>Audience Library</title> 
  <shortdesc>The Marketing Cloud Audience Library (real-time audiences) is the
	 interface that lets you create audiences, combine existing audiences to create
	 composite audiences, and view all shared audiences. 
  </shortdesc> 
  <prolog> 
	 <metadata> 
		<othermeta name="solution" content="Marketing Cloud"/> </metadata>
  </prolog> 
  <conbody> 
	 <ul id="ul_DD0C05571AAF4F968D28A142E7A97270"> 
		<li id="li_E0042BE31692414C94D012A17B6D5D84"> 
		  <xref
			href="audience_library.xml#concept_3D52E1DED6D04ECC949B514E182C4655/section_257F31DC695E4BDBAD25196E451AEA97"
			format="dita" scope="local"><?xm-replace_text About Audiences?></xref> 
		</li>
		<li id="li_E75CA4BC4FFC4D0DB4004F24D1779F4C"> 
		  <xref
			href="audience_library.xml#concept_3D52E1DED6D04ECC949B514E182C4655/section_D0ECD516A8F545149C8F899F1F244149"
			format="dita" scope="local"> <?xm-replace_text Audiences Library - Descriptions?>
		  </xref> 
		</li> 
		<li id="li_FEC27EB91CD44891AAC6C8E1BF58D3A7"> 
		  <xref
			href="audience_library.xml#concept_3D52E1DED6D04ECC949B514E182C4655/section_65A066C904E340D0BC8ADBC3A805AC3E"
			format="dita" scope="local"><?xm-replace_text Limitations in Using Audience Library?></xref>
		  
		</li> 
	 </ul> 
	 <section id="section_257F31DC695E4BDBAD25196E451AEA97"> 
		<title>About Audiences</title> 
		<p> Audiences are collections of visitors (a list of visitor IDs).
		  Adobe's audience services manages the translation of visitor data into audience
		  segmentation. As such, creating and managing audiences is similar to creating
		  and using segments, with the added ability to share the audience segment to the
		  
		  <keyword>Marketing Cloud</keyword>. 
		</p> 
		<p>Audiences can be created or derived from various sources, such as: 
		</p> 
		<ul id="ul_F617518B42E64DBDBC0D721931A280C9"> 
		  <li id="li_81F23018A3D54E21B6DDEE6984AA54E0">New ones created in the 
			 <keyword>Marketing Cloud</keyword> 
		  </li> 
		  <li id="li_30C57DABEF2A4AF0AAC9B907FC77C9C5">From 
			 <keyword>Analytics</keyword> segments published to the 
			 <keyword>Marketing Cloud</keyword> 
		  </li> 
		  <li id="li_7C0CC95488C44059A5749E3D6871099C">From audience management 
		  </li> 
		</ul>
		<p><b>About Real-Time Audiences</b>
		</p>
		<p> All Master Marketing Profile audiences, regardless of where they are
		  sourced, are accessible for real-time targeting use cases. The system evaluates
		  of audiences in two ways:
		</p> 
		<ul id="ul_930C9F17F8664FB2A0E0907A8C8F51C9"> 
		  <li id="li_EE25F6D726E946D48309F147243B3D48"> Audiences sourced from
			 Analytics are evaluated every 12 hours.
		  </li> 
		  <li id="li_400797D341C04EB1997D3CF20363E86A"> Audiences sourced in
			 Audience Library are evaluated real-time.
		  </li> 
		</ul>
		<p><b>How Solutions use Audiences</b>
		</p> 
		<p>Some examples of how to use audiences in Marketing Cloud solutions: 
		</p> 
		<table id="table_CC035305FD70485EBBB96EC10F924A78"> 
		  <tgroup cols="2"> 
			 <colspec colnum="1" colname="col1" colwidth="1.00*"/> 
			 <colspec colnum="2" colname="col2" colwidth="2.62*"/> 
			 <thead> 
				<row> 
				  <entry colname="col1">Solution 
				  </entry> 
				  <entry colname="col2">Description 
				  </entry> 
				</row> 
			 </thead> 
			 <tbody> 
				<row> 
				  <entry colname="col1"> 
					 <p>Marketing Cloud Audience Library 
					 </p> 
				  </entry> 
				  <entry colname="col2"> 
					 <p>Create, manage, and share audiences natively using the 
						<xref
						href="audience_library.xml#concept_3D52E1DED6D04ECC949B514E182C4655"
						format="dita" scope="local">Audience Library</xref> interface. You can: 
					 </p> 
					 <ul id="ul_8A5A5BC2FF2B45EE9039BAC55B1034B5"> 
						<li id="li_9E0825BD453A4F518AC2A274CB3DD826">Use real-time
						  audiences using raw analytics attributes 
						</li> 
						<li id="li_240A79C2D433456F94F1DD3E885BB17E">Combine
						  audiences to create composite ones, joining real-time and historical data 
						</li> 
						<li id="li_D558DCD666B04F0DAE343F8E0DC0D111">See graphical
						  views of estimated audiences size 
						</li> 
					 </ul> 
				  </entry> 
				</row> 
				<row> 
				  <entry colname="col1"> 
					 <p>Analytics 
					 </p> 
				  </entry> 
				  <entry colname="col2"> 
					 <p>In reporting and ad hoc analysis segmentation, you can build
						a segment, combine it with a report suite, and then 
						<xref
						href="t_publish_audience_segment.xml#task_32FEEFE0B32E4E388CD4D892D727282A"
						format="dita" scope="local"> publish the segment to the Marketing Cloud</xref>.
						
					 </p> 
					 <p>Publishing the segment displays it on the 
						<xref
						href="audience_library.xml#concept_3D52E1DED6D04ECC949B514E182C4655"
						format="dita" scope="local">Audience Library</xref> page. The audience is also
						available as a targeted audience for a campaign experience delivered by 
						<keyword>Adobe Target</keyword>, and in audience management. 
					 </p> 
					 <p> Once an audience is shared from 
						<keyword>Analytics</keyword>, and selected for use in an
						active campaign, all of the visitor profiles who met the segment definition
						criteria for the past 90 days are sent to the 
						<keyword>Marketing Cloud</keyword> Audience Services
						platform. 
					 </p> 
				  </entry> 
				</row> 
				<row> 
				  <entry colname="col1"> 
					 <p>Mobile Services 
					 </p> 
				  </entry> 
				  <entry colname="col2"> 
					 <p>Analyze mobile traffic using the sunburst visualization in
						the 
						<xref
						href="http://microsite.omniture.com/t2/help/en_US/mobile/reports_devices.html"
						format="http" scope="external">Device Types</xref> report. 
					 </p> 
				  </entry> 
				</row> 
				<row> 
				  <entry colname="col1"> 
					 <p>Target 
					 </p> 
				  </entry> 
				  <entry colname="col2"> 
					 <p>Leverage the master marketing profile that unifies visitor
						IDs and data into a single, actionable profile for use across solutions. 
					 </p> 
					 <p>The 
						<uicontrol>Publish to the Marketing Cloud</uicontrol>
						checkbox during the segment creation process in 
						<keyword>Adobe Analytics</keyword> allows the segment to be
						available within the 
						<keyword>Adobe Target's</keyword> custom audience library. A
						segment created in 
						<keyword>Analytics</keyword> or audience management can be
						used to for activities in 
						<keyword>Target</keyword>. 
					 </p> 
					 <p>For example, you can create campaign activities based on 
						<keyword>Analytics</keyword> conversion metrics and audience
						segments created in 
						<keyword>Analytics</keyword>. 
					 </p> 
				  </entry> 
				</row> 
				<row> 
				  <entry colname="col1"> 
					 <p>Media Optimizer 
					 </p> 
				  </entry> 
				  <entry colname="col2"> 
					 <p> 
						<b>Audience management:</b> Shared audiences are available in
						
						<xref
						 href="http://microsite.omniture.com/t2/help/en_US/demdex/c_segments.html"
						 format="http" scope="external">audience management segmentation</xref> in 
						<keyword>Media Optimizer</keyword>. All 
						<keyword>Marketing Cloud</keyword> audiences are available
						natively in audience management, which provides: 
					 </p> 
					 <ul id="ul_266BFF7D988E4A3DB0A17D15296FC89E"> 
						<li id="li_2B6C845E286B456F8698C7BF8CA420AA">Built-in
						  automation regarding how they are shared and consumed in solution workflows 
						</li> 
						<li id="li_4EDB3F0D1C4F49DBAE4897894BBCAD6A">Offsite
						  destinations 
						</li> 
						<li id="li_B1B6F7EA9E754A6ABB2B0F5E957CD2A7">Look-alike
						  modeling 
						</li> 
					 </ul> 
					 <p> 
						<b>Advertising management:</b> Use the audience as targets. 
					 </p> 
				  </entry> 
				</row> 
			 </tbody> 
		  </tgroup> 
		</table> 
		<p>For implementation steps, see 
		  <xref
			href="audiences_getstarted.xml#concept_B40C2CD97D7242E8A129D73D08DE507D"
			format="dita" scope="local"><?xm-replace_text Implementing the Master Marketing Profile?></xref>.
		  
		</p> 
	 </section>
	 <section id="section_D0ECD516A8F545149C8F899F1F244149"> 
		<title>Audiences Library - Descriptions</title> 
		<p> 
		  <menucascade> 
			 <uicontrol>Marketing Cloud</uicontrol> 
			 <uicontrol>Audiences</uicontrol> 
		  </menucascade> 
		</p> 
		<p> The 
		  <keyword>Marketing Cloud</keyword> provides and library for creating
		  and managing audiences, with native, real-time audience identification. 
		</p> 
		<p> 
		  <image href="graphics/audience_library.png"
			id="image_92A11BF9D6C345B48FD07A0A38E8300A"></image> 
		</p> 
		<p> 
		  <b>Interface Elements</b> 
		</p> 
		<table id="table_50E240AE46424582A75400255515480C"> 
		  <tgroup cols="2"> 
			 <colspec colnum="1" colname="col1" colwidth="1.00*"/> 
			 <colspec colnum="2" colname="col2" colwidth="2.73*"/> 
			 <thead> 
				<row> 
				  <entry colname="col1">Element 
				  </entry> 
				  <entry colname="col2">Description 
				  </entry> 
				</row> 
			 </thead> 
			 <tbody> 
				<row> 
				  <entry colname="col1"> 
					 <p> 
						<wintitle>New</wintitle> 
					 </p> 
				  </entry> 
				  <entry colname="col2"> 
					 <p>Lets you 
						<xref
						 href="t_audience_create.xml#task_37F407F58BF9459493BB8E968CDFE737"
						 format="dita" scope="local">create an audience</xref>. 
					 </p> 
				  </entry> 
				</row> 
				<row> 
				  <entry colname="col1"> 
					 <p> 
						<wintitle>Title &amp; Description 
						</wintitle> 
					 </p> 
				  </entry> 
				  <entry colname="col2"> 
					 <p>A column heading that identifies and describes the audience.
						
					 </p> 
				  </entry> 
				</row> 
				<row> 
				  <entry colname="col1"> 
					 <p> 
						<wintitle>Author</wintitle> 
					 </p> 
				  </entry> 
				  <entry colname="col2"> 
					 <p>The person who created the audience segment. 
					 </p> 
				  </entry> 
				</row> 
				<row> 
				  <entry colname="col1"> 
					 <p>Source 
					 </p> 
				  </entry> 
				  <entry colname="col2"> 
					 <p>Identifies where the audience was created. 
					 </p> 
					 <p> 
						<b>Analytics</b>: A segment created in reports &amp;
						analytics or ad hoc analysis, then 
						<xref
						 href="t_publish_audience_segment.xml#task_32FEEFE0B32E4E388CD4D892D727282A"
						 format="dita" scope="local">published to the Marketing Cloud</xref>. 
					 </p> 
					 <p> 
						<b>Marketing Cloud:</b> A new audience 
						<xref
						 href="t_audience_create.xml#task_37F407F58BF9459493BB8E968CDFE737"
						 format="dita" scope="local">created in the Audience Library</xref>. 
					 </p> 
					 <p> 
						<b>Audience Manager:</b> Audiences created audience
						management (<keyword>Media Optimizer</keyword>) automatically display in the 
						<wintitle>Audience Library</wintitle>. 
					 </p> 
				  </entry> 
				</row> 
				<row> 
				  <entry colname="col1"> 
					 <p>Current Size 
					 </p> 
				  </entry> 
				  <entry colname="col2"> 
					 <p>The current audience size. 
					 </p> 
				  </entry> 
				</row> 
				<row> 
				  <entry colname="col1"> 
					 <p>Active 
					 </p> 
				  </entry> 
				  <entry colname="col2"> 
					 <p>The active status of the segment. 
					 </p> 
				  </entry> 
				</row> 
			 </tbody> 
		  </tgroup> 
		</table> 
	 </section> 
	 <section id="section_65A066C904E340D0BC8ADBC3A805AC3E"> 
		<title>Limitations in Using Audience Library</title> 
		<p>If you 
		  <b>do not use the audience management</b> capability in Media
		  Optimizer, the following limits exist: 
		</p> 
		<table id="table_3F75BB3C77894A96B7E49A19BBF01A68"> 
		  <tgroup cols="2"> 
			 <colspec colnum="1" colname="col1" colwidth="1.00*"/> 
			 <colspec colnum="2" colname="col2" colwidth="2.62*"/> 
			 <thead> 
				<row> 
				  <entry colname="col1">Limit 
				  </entry> 
				  <entry colname="col2">Description 
				  </entry> 
				</row> 
			 </thead> 
			 <tbody> 
				<row> 
				  <entry colname="col1"> 
					 <p>Audiences created wholly or partially* in 
						<keyword>Analytics</keyword> segmentation. 
					 </p> 
				  </entry> 
				  <entry colname="col2"> 
					 <p>Up to 20 of these can be active in a campaign at any time.
						There is no limit to the number of audiences that can be flagged in 
						<keyword>Analytics</keyword> as available to the audience
						service in the Marketing Cloud. However, only 20 can be active at once. 
					 </p> 
					 <p>(*<term>Partially</term> indicates an audience that is a
						combination of data derived from 
						<keyword>Analytics</keyword>, plus the real-time values
						collected in the 
						<wintitle>Audience Library</wintitle>.) 
					 </p> 
				  </entry> 
				</row> 
				<row> 
				  <entry colname="col1"> 
					 <p>Audiences built natively in the Marketing Cloud Audience
						Library. 
					 </p> 
				  </entry> 
				  <entry colname="col2"> 
					 <p>The limit is 50 at any time. 
					 </p> 
				  </entry> 
				</row> 
				<row> 
				  <entry colname="col1"> 
					 <p>Traits built natively in Marketing Cloud Audience Library. 
					 </p> 
				  </entry> 
				  <entry colname="col2"> 
					 <p>The limit is 100 at any time. 
					 </p> 
				  </entry> 
				</row> 
			 </tbody> 
		  </tgroup> 
		</table> 
		<p>There is no limit to the number of managed profiles or to the number
		  of users that can be assigned to a single audience. 
		</p> 
		<p>Additional limitations: 
		</p> 
		<table id="table_871C289028EA4AB98CADE7396A8E91AB"> 
		  <tgroup cols="2"> 
			 <colspec colnum="1" colname="col1" colwidth="1.00*"/> 
			 <colspec colnum="2" colname="col2" colwidth="2.92*"/> 
			 <thead> 
				<row> 
				  <entry colname="col1">Limit 
				  </entry> 
				  <entry colname="col2">Description 
				  </entry> 
				</row> 
			 </thead> 
			 <tbody> 
				<row> 
				  <entry colname="col1"> 
					 <p>Additional limits associated with shared profiles 
					 </p> 
				  </entry> 
				  <entry colname="col2"> 
					 <ul id="ul_987CE2DB5E3B4086A0DD6E30DF05FD83"> 
						<li id="li_BD1EB428B28D41EBAE788CEBB72AEF1D">Non-Marketing
						  Cloud destinations for audiences are not allowed. 
						</li> 
						<li id="li_510E50953BD0423AB065EC2842D91568">Audience
						  management data integration capabilities are not available. 1st, 2nd, or
						  3rd-party data cannot be brought in through audience management. 
						</li> 
						<li id="li_732C3B880F03453BB299F19E8678B492"> Reporting
						  functionality is also limited compared to audience management. 
						</li> 
					 </ul> 
				  </entry> 
				</row> 
			 </tbody> 
		  </tgroup> 
		</table> 
	 </section> 
  </conbody> 
</concept> 
