﻿<?xml version="1.0" encoding="utf-8"?>
<!DOCTYPE concept PUBLIC "-//OASIS//DTD DITA Concept//EN" "concept.dtd"[]>
<concept id="concept_52E7E7B015D14E2C852D9618CF76860F">
  <title>Boards</title>
  <shortdesc>A 
	 <term>board</term> is a place to collaborate around your marketing
	 campaigns. You can create various boards to manage your assets (images and
	 reports) and campaign cards, and share cards to other users' boards. 
  </shortdesc>
  <prolog>
    <metadata>
      <othermeta name="solution" content="Marketing Cloud" />
    </metadata>
  </prolog>
  <conbody>
    <p>You can create a board to which you can pin cards. You can keep your
		board private or you can share it with other users to create a collaborative
		environment. 
	 </p>
    <p>A board might be one you create for marketing reports and analytics.
		After you run a marketing report, you can share it to a Marketing Cloud board. 
	 </p>
    <p>
      <image href="graphics/board.png" id="image_3629F213DD85429B83133588683895AD"></image>
    </p>
    <note>A 
		<wintitle>First Time Experience</wintitle> board is available in the
		Marketing Cloud interface to help you understand feeds, cards, and boards. 
	 </note>
    <draft-comment>
      <p>Retired file: http://dev.day.com/docs/en/marketing-cloud/boards.html
		</p>
    </draft-comment>
  </conbody>
  <related-links>
    <link href="cards.xml#concept_0A2472B530E04930BCE5CC23A8BEF9E0" format="dita" scope="local">
      <linktext>
        <?xm-replace_text Cards?>
      </linktext>
    </link>
  </related-links>
</concept>