﻿<?xml version="1.0" encoding="utf-8"?>
<!DOCTYPE concept PUBLIC "-//OASIS//DTD DITA Concept//EN" "concept.dtd"[]>
<concept id="concept_547B5DA25427486BB7A8183813D6D837">
  <title>Context</title>
  <shortdesc>
    <i>Context</i> (or 
	 <i>profile</i>) is an individual property of an individual visitor. It
	 contains information about the visitor, the current Location and Content. The
	 Context information that can be determined at a specific time is dependent on
	 the Channel. Aggregating Context information leads to Metrics or definition of
	 Audiences 
  </shortdesc>
  <prolog>
    <metadata>
      <othermeta name="solution" content="Marketing Cloud" />
    </metadata>
  </prolog>
  <conbody>
    <p> The context has an internal organization, including: 
	 </p>
    <ul id="ul_7141A1929FBD40A388BB42FD40B6BD7B">
      <li id="li_E750008EF3994DD78362A9F950575808">User profile 
		</li>
      <li id="li_FFFF96E811DD4FA29A51C1A15F2911FB">Social graph
		</li>
      <li id="li_ACF09F18C68D40FA813762B36889DC09">Current virtual location 
		</li>
      <li id="li_4AE3EA47BF1845E5B99D2E459646567B">Geolocation 
		</li>
      <li id="li_EA50A44DE45C4073964CF67AA9752E3D">Technographics 
		</li>
      <li id="li_D33F502F32864A06B2131B2335CAF7DA">Time and date 
		</li>
      <li id="li_87B4CB6B285A42059060C6F245B00680">User activities 
		</li>
    </ul>
    <draft-comment>
      <p>
        <b>Context Taxonomy</b>
      </p>
      <p> Within the context, we need name spaces for properties. This will be
		  more interesting, as we need to find common names. And this would also include
		  references to segments (e.g. "segment.young-male") and similar things. 
		</p>
    </draft-comment>
    <p>
      <b> Synonyms</b>
    </p>
    <ul id="ul_69C331E390DC4F68A089023BC95369F0">
      <li id="li_55C8BCEF572B4DB7BE5E48D59931FF87">Visitor profile 
		</li>
      <li id="li_6A7CEB40C6B342C7BAA5D3D2A20252F7">Profile 
		</li>
      <li id="li_D0F44EEE093A46F092FFB8CD22CBD661">Edge profile 
		</li>
      <li id="li_587A28F079EC48EF94DD577596B927CC">Context cloud 
		</li>
      <li id="li_7DC282D9670B4969BA693844E9D082C1">Clickstream cloud 
		</li>
      <li id="li_513E5F80152C402994C41F775061D006">User profile 
		</li>
    </ul>
  </conbody>
</concept>