﻿<?xml version="1.0" encoding="utf-8"?>
<!DOCTYPE concept PUBLIC "-//OASIS//DTD DITA Concept//EN" "concept.dtd"[]>
<concept id="concept_3E5A34C3459047D5965F900788A9BA68">
  <title>Creative Cloud Asset Sharing in Marketing Cloud</title>
  <shortdesc>You can add 
	 <keyword>Creative Cloud</keyword> users to your user list in the 
	 <keyword>Marketing Cloud</keyword>, which enables the sharing of folders
	 and assets to the 
	 <keyword>Creative Cloud</keyword>. 
  </shortdesc>
  <prolog>
    <metadata>
      <keywords>
        <keyword>asset sharing</keyword>
        <keyword>Creative Cloud</keyword>
      </keywords>
      <othermeta name="solution" content="Marketing Cloud" />
    </metadata>
  </prolog>
  <conbody>
    <draft-comment>
      <p>Steve Gustaven - testing. Nandini Gupta is the editorial manager and
		  Vikrant Rai is the content lead for CC docs.
		</p>
    </draft-comment>
    <p>To share assets, users must be members of the tenant (your company name)
		in the 
		<keyword>Marketing Cloud</keyword>. For example, if you log in at 
		<filepath>&lt;yourcompany&gt;.marketing.adobe.com</filepath>, the 
		<keyword>Creative Cloud</keyword> user must be added to the 
		<filepath>&lt;yourcompany&gt;</filepath> tenant. 
	 </p>
    <p>You can: 
	 </p>
    <ul id="ul_B98F128B8F4D4EB180AF4823B04BB20F">
      <li id="li_C9EA43D5A9CF44238012E66B42978568">Select and invite 
		  <keyword>Creative Cloud</keyword> users to the 
		  <keyword>Marketing Cloud</keyword> (email or web link to the folder) 
		</li>
      <li id="li_DC0C16E1387F4CD3B05EA753AFD3DCFA">Create and share 
		  <keyword>Marketing Cloud</keyword> folders in Assets for sharing assets
		  between the clouds 
		</li>
      <li id="li_882680BE26A34B698A9AB8FB2174B7B7">Synchronize 
		  <keyword>Creative Cloud</keyword> assets between shared folders 
		</li>
      <li id="li_E5B5BD0DC1774DE9A615D2C183B32CEF">Comment and collaborate on
		  shared assets 
		</li>
      <li id="li_E62E44E7E8E64151A7F4399D9C89A5ED">Unshare folders after
		  projects are complete 
		</li>
      <li id="li_22503031658845269F5BF525DF727457">Leverage asset integrations
		  with 
		  <keyword>Adobe Target</keyword> and 
		  <keyword>Adobe Social</keyword> for campaigns. 
		</li>
    </ul>
    <p>Benefits of asset sharing let you: 
	 </p>
    <ul id="ul_8A091E5874FF4D518D6A122A3D88F71C">
      <li id="li_34EFCBEC714A4603A2D3F36D738E6CC9">Streamline creative
		  production workflows in the review, approve, and publish phase 
		</li>
      <li id="li_FF077E4EF0524184B1766E0E8836860D">Easily share, save, and send
		  files between creatives and marketers 
		</li>
      <li id="li_14052F1D20B546758C3C9B8139685FC1">Spend less time managing
		  in-process files and versions in multiple locations 
		</li>
      <li id="li_A074D6480302422B9E70EB20F67E968D">Track and manage creative
		  assets more effectively 
		</li>
      <li id="li_752CE03AD01C4323953BF359B3A03CF2">Enjoy increase enterprise
		  security 
		</li>
    </ul>
  </conbody>
  <related-links>
    <link href="https://helpx.adobe.com/creative-cloud/topics/getting-started.html?promoid=JZEFO" format="https" scope="external">
      <linktext>Creative Cloud Help 
		</linktext>
    </link>
  </related-links>
</concept>