<?xml version="1.0"?>
<!DOCTYPE concept PUBLIC "-//OASIS//DTD DITA Concept//EN" "concept.dtd">
<concept id="concept_6541FD8DFFA64CE3899488CA4B3B15A6"> 
  <title>Features of the Marketing Cloud</title> 
  <shortdesc>Terms and definitions used in Adobe 
	 <keyword>Marketing Cloud</keyword> and its documentation. 
  </shortdesc> 
  <conbody> 
	 <table id="table_1EBCD55FB858429BB6BBFCB2999D1C8F"> 
		<tgroup cols="2"><colspec colnum="1" colname="col1"
		  colwidth="1.00*"/><colspec colnum="2" colname="col2" colwidth="4.05*"/><thead> 
			 <row> 
				<entry colname="col1">Term 
				</entry> 
				<entry colname="col2">Definition 
				</entry> 
			 </row></thead> 
		  <tbody> 
			 <row> 
				<entry colname="col1"><xref
				  href="c_feed.xml#concept_9256B8768A294009A777282DD8719213" format="dita"
				  scope="local">Feed</xref> 
				</entry> 
				<entry colname="col2"> 
				  <p>An aggregation of cards that you create or that have been
					 shared with you by other users or from Adobe 
					 <keyword>Marketing Cloud</keyword> solutions. 
				  </p> aggregation of boards. In the feed you hid things. In the
				  board you delete things. Hide vs delete 
				</entry> 
			 </row> 
			 <row> 
				<entry colname="col1"><xref
				  href="c_boards.xml#concept_52E7E7B015D14E2C852D9618CF76860F" format="dita"
				  scope="local">Boards</xref> 
				</entry> 
				<entry colname="col2"> 
				  <p>A collection of cards (reports, images, and documents, for
					 example) related to a particular project or a campaign. You can use boards to
					 collect and curate cards that contain supporting facts for an insight or an
					 idea. You can keep your boards private or you can share them with other users
					 to create a collaborative space for your team. 
				  </p> 
				</entry> 
			 </row> 
			 <row> 
				<entry colname="col1">
				</entry> 
				<entry colname="col2"> 
				</entry> 
			 </row> 
			 <row> 
				<entry colname="col1">
				</entry> 
				<entry colname="col2"> 
				</entry> 
			 </row> 
			 <row> 
				<entry colname="col1">Cards 
				</entry> 
				<entry colname="col2">Pin cards to board 
				</entry> 
			 </row> 
			 <row> 
				<entry colname="col1">Assets 
				</entry> 
				<entry colname="col2"> 
				</entry> 
			 </row> 
			 <row> 
				<entry colname="col1">Campaigns 
				</entry> 
				<entry colname="col2"> 
				</entry> 
			 </row> 
			 <row> 
				<entry colname="col1">Solutions 
				</entry> 
				<entry colname="col2"> 
				</entry> 
			 </row> 
			 <row> 
				<entry colname="col1"><xref
				  href="http://microsite.omniture.com/t2/help/en_US/beta/cloud/home/#mc-settings"
				  format="http" scope="external">Account Settings</xref> 
				</entry> 
				<entry colname="col2"> 
				  <p>Use Settings to link Adobe Marketing Cloud solutions to your
					 Adobe ID, log out of the Marketing Cloud, or view and configure your Marketing
					 Cloud settings. 
				  </p>
				</entry> 
			 </row> 
		  </tbody> 
		</tgroup> 
	 </table> 
  </conbody>
</concept>
