﻿<?xml version="1.0" encoding="utf-8"?>
<!DOCTYPE concept PUBLIC "-//OASIS//DTD DITA Concept//EN" "concept.dtd"[]>
<concept id="concept_9BC7704BB3AF424AA115E47B8A4B9EBE">
  <title>Impersonate As</title>
  <shortdesc>Administrators can impersonate another user, which lets you sign
	 in as another user, edit the account, and so on. 
  </shortdesc>
  <prolog>
    <metadata>
      <keywords>
        <keyword>Marketing Cloud User Guide</keyword>
        <keyword>audiences</keyword>
        <keyword>Master Marketing Profile</keyword>
      </keywords>
      <othermeta name="solution" content="Marketing Cloud" />
    </metadata>
  </prolog>
  <conbody>
    <p>
      <image href="graphics/impersonate.png" id="image_7E5F547D42D84CFCB93FA388A23E229F">
        <?xm-replace_text Paragraph?>
      </image>
    </p>
    <draft-comment>
      <p>Not in TOC.
		</p>
    </draft-comment>
  </conbody>
</concept>