<?xml version="1.0"?>
<!DOCTYPE concept PUBLIC "-//OASIS//DTD DITA Concept//EN" "concept.dtd">
<concept id="concept_C5F77A107915434084ADE1A13EF0A868"> 
  <title>About Solution and Capability Names</title> 
  <shortdesc>Product help and Adobe Community resources refer to the Marketing
	 Cloud solutions and capability names described here. 
  </shortdesc> 
  <prolog> 
	 <metadata> 
		<othermeta name="solution" content="Marketing Cloud"/> </metadata>
  </prolog> 
  <conbody> 
	 <table id="table_764055F3FB544A6681AA6E5C68C544AE"> 
		<tgroup cols="4"> 
		  <colspec colname="col01" colnum="1" colwidth="42.00*"/> 
		  <colspec colnum="2" colname="col1" colwidth="80.25*"/> 
		  <colspec colnum="3" colname="col3" colwidth="1.00*"/> 
		  <colspec colnum="4" colname="col2" colwidth="96.50*"/> 
		  <thead> 
			 <row> 
				<entry colname="col01">Solution 
				</entry> 
				<entry namest="col1" nameend="col2"> Capability Names 
				</entry> 
			 </row> 
		  </thead> 
		  <tbody> 
			 <row> 
				<entry colname="col01"> 
				  <p> 
					 <image href="graphics/cloud_icon.png"
					  id="image_1A6A6BD36F224590928551A98942CA48"></image> 
				  </p> 
				  <p><xref href="home.xml#concept_ECC89F305B804372B63C3CE67448FB07"
					 format="dita" scope="local">Marketing Cloud</xref> 
				  </p> 
				</entry> 
				<entry namest="col1" nameend="col2"> 
				  <p> The 
					 <keyword>Adobe Marketing Cloud</keyword> interface brings
					 Adobe's Digital Marketing solutions together. 
				  </p> 
				  <p> At 
					 <filepath>&lt;yourcompany&gt;.marketing.adobe.com</filepath>,
					 you can log in, share, assets, and collaborate in one virtual, private space
					 dedicated to your projects. 
				  </p> 
				  <p>The following capabilities are shared services within the 
					 <keyword>Marketing Cloud</keyword>. 
				  </p> 
				</entry> 
			 </row> 
			 <row> 
				<entry colname="col01"> 
				</entry> 
				<entry namest="col1" nameend="col3"> 
				  <p><b> Capability Name</b> 
				  </p> 
				</entry> 
				<entry colname="col2"> 
				  <p><b>Retired Product Name</b> 
				  </p> 
				</entry> 
			 </row> 
			 <row> 
				<entry colname="col01"> 
				</entry> 
				<entry namest="col1" nameend="col3"> 
				  <p>Data connectors 
				  </p> 
				</entry> 
				<entry colname="col2"> 
				  <p>Genesis 
				  </p> 
				</entry> 
			 </row> 
			 <row> 
				<entry colname="col01"> 
				</entry> 
				<entry namest="col1" nameend="col3"> 
				  <p>Dynamic tag management 
				  </p> 
				</entry> 
				<entry colname="col2"> 
				  <p>Satellite 
				  </p> 
				</entry> 
			 </row> 
			 <row> 
				<entry colname="col01"> 
				</entry> 
				<entry namest="col1" nameend="col3"> 
				  <p>Mobile 
				  </p> 
				</entry> 
				<entry colname="col2"> 
				  <p>Adobe Mobile 
				  </p> 
				</entry> 
			 </row> 
			 <row> 
				<entry namest="col01" nameend="col2"> 
				  <p> 
					 <image href="graphics/mc_analytics_32.png"
					 id="image_ABB9E2FE3EC24FAF81E6F3EAD2767DBA"></image> 
				  </p> 
				  <p><xref
					 href="http://microsite.omniture.com/t2/help/en_US/reference/home.html"
					 format="http" scope="external">Analytics</xref> 
				  </p> 
				</entry> 
			 </row> 
			 <row> 
				<entry colname="col01"> 
				</entry> 
				<entry colname="col1"> 
				  <p><b> Capability Name</b> 
				  </p> 
				</entry> 
				<entry namest="col3" nameend="col2"> 
				  <p><b>Retired Product Name</b> 
				  </p> 
				</entry> 
			 </row> 
			 <row> 
				<entry colname="col01"> 
				</entry> 
				<entry colname="col1"> 
				  <p><xref
					 href="https://microsite.omniture.com/t2/help/en_US/sc/user/index.html"
					 format="https" scope="external">Marketing reports and analytics</xref> 
				  </p> 
				</entry> 
				<entry namest="col3" nameend="col2"> 
				  <p><keyword> SiteCatalyst</keyword> 
				  </p> 
				</entry> 
			 </row> 
			 <row> 
				<entry colname="col01"> 
				</entry> 
				<entry colname="col1"> 
				  <p><xref
					 href="http://microsite.omniture.com/t2/help/en_US/dsc/index.html" format="http"
					 scope="external">Ad hoc analysis</xref> 
				  </p> 
				</entry> 
				<entry namest="col3" nameend="col2"> 
				  <p><keyword> Discover</keyword> 
				  </p> 
				</entry> 
			 </row> 
			 <row> 
				<entry colname="col01"> 
				</entry> 
				<entry colname="col1"> 
				  <p><xref
					 href="http://microsite.omniture.com/t2/help/en_US/insight/"
					 format="http" scope="external">Data workbench</xref> 
				  </p> 
				</entry> 
				<entry namest="col3" nameend="col2"> 
				  <p><keyword> Insight</keyword> 
				  </p> 
				</entry> 
			 </row> 
			 <row> 
				<entry colname="col01"> 
				</entry> 
				<entry colname="col1"> 
				  <p><xref
					 href="http://microsite.omniture.com/t2/help/en_US/genesis/home.html"
					 format="http" scope="external">Data connectors</xref> 
				  </p> 
				</entry> 
				<entry namest="col3" nameend="col2"> 
				  <p><keyword> Genesis</keyword> 
				  </p> 
				</entry> 
			 </row> 
			 <row> 
				<entry colname="col01"> 
				</entry> 
				<entry colname="col1"> 
				  <p><xref
					 href="http://microsite.omniture.com/t2/help/en_US/reference/data_warehouse.html"
					 format="http" scope="external">Data warehouse</xref> 
				  </p> 
				</entry> 
				<entry namest="col3" nameend="col2"> 
				  <p><keyword> DataWarehouse</keyword> 
				  </p> 
				</entry> 
			 </row> 
			 <row> 
				<entry colname="col01"> 
				</entry> 
				<entry colname="col1"> 
				  <p><xref
					 href="http://microsite.omniture.com/t2/help/en_US/dtm/dtm_home.html"
					 format="http" scope="external">Dynamic tag management</xref> 
				  </p> 
				</entry> 
				<entry namest="col3" nameend="col2"> 
				  <p><keyword> TagManager</keyword> 
				  </p> 
				</entry> 
			 </row> 
			 <row> 
				<entry colname="col01"> 
				</entry> 
				<entry colname="col1"> 
				  <p><xref
					 href="http://microsite.omniture.com/t2/help/en_US/arb/home.html" format="http"
					 scope="external">Report builder</xref> (for Excel) 
				  </p> 
				</entry> 
				<entry namest="col3" nameend="col2"> 
				  <p><keyword> ReportBuilder</keyword> 
				  </p> 
				</entry> 
			 </row> 
			 <row> 
				<entry colname="col01"> 
				</entry> 
				<entry colname="col1"> 
				  <p><xref
					 href="http://microsite.omniture.com/t2/help/en_US/sc/user/clickmap.html"
					 format="http" scope="external">Visitor click map</xref> 
				  </p> 
				</entry> 
				<entry namest="col3" nameend="col2"> 
				  <p><keyword> ClickMap</keyword> 
				  </p> 
				</entry> 
			 </row> 
			 <row> 
				<entry colname="col01"> 
				  <p> 
					 <image href="graphics/mc_social_32.png"
					 id="image_837862608D0040C49CDAF58EA2C47282"> <?xm-replace_text Paragraph?>
					 </image> 
				  </p> 
				  <p> 
					 <xref
					 href="http://microsite.omniture.com/t2/help/en_US/social/home.html"
					 format="http" scope="external">Social</xref> 
				  </p> 
				</entry> 
				<entry namest="col1" nameend="col2"> 
				</entry> 
			 </row> 
			 <row> 
				<entry colname="col01"> 
				</entry> 
				<entry colname="col1"> 
				  <p><b> Capability Name</b> 
				  </p> 
				</entry> 
				<entry namest="col3" nameend="col2"> 
				  <p><b>Retired Product Name</b> 
				  </p> 
				</entry> 
			 </row> 
			 <row> 
				<entry colname="col01"> 
				</entry> 
				<entry colname="col1"> 
				  <p>Management and governance 
				  </p> 
				</entry> 
				<entry namest="col3" nameend="col2"> 
				  <p><keyword>Adobe Social</keyword> 
				  </p> 
				</entry> 
			 </row> 
			 <row> 
				<entry colname="col01"> 
				</entry> 
				<entry colname="col1"> 
				  <p>Listening and moderation 
				  </p> 
				</entry> 
				<entry namest="col3" nameend="col2"> 
				</entry> 
			 </row> 
			 <row> 
				<entry colname="col01"> 
				</entry> 
				<entry colname="col1"> 
				  <p>Publishing and ads 
				  </p> 
				</entry> 
				<entry namest="col3" nameend="col2"> 
				</entry> 
			 </row> 
			 <row> 
				<entry colname="col01"> 
				</entry> 
				<entry colname="col1"> 
				  <p>Application builder 
				  </p> 
				</entry> 
				<entry namest="col3" nameend="col2"> 
				</entry> 
			 </row> 
			 <row> 
				<entry colname="col01"> 
				</entry> 
				<entry colname="col1"> 
				  <p>Social campaigns 
				  </p> 
				</entry> 
				<entry namest="col3" nameend="col2"> 
				</entry> 
			 </row> 
			 <row> 
				<entry colname="col01"> 
				</entry> 
				<entry colname="col1"> 
				  <p>Social analytics 
				  </p> 
				</entry> 
				<entry namest="col3" nameend="col2"> 
				  <p><keyword>SiteCatalyst</keyword> 
				  </p> 
				</entry> 
			 </row> 
			 <row> 
				<entry namest="col01" nameend="col2"> 
				  <p> 
					 <image href="graphics/mc_optimize_32.png"
					 id="image_63DC57F1740C408DA4BD3F4A17DCC70C"> <?xm-replace_text Paragraph?>
					 </image> 
				  </p> 
				  <p> 
					 <xref
					 href="http://microsite.omniture.com/t2/help/en_US/mo/home.html" format="http"
					 scope="external">Media Optimizer</xref> 
				  </p> 
				</entry> 
			 </row> 
			 <row> 
				<entry colname="col01"> 
				</entry> 
				<entry colname="col1"> 
				  <b> Capability Name</b> 
				</entry> 
				<entry namest="col3" nameend="col2"> 
				  <p><b>Retired Product Name</b> 
				  </p> 
				</entry> 
			 </row> 
			 <row> 
				<entry colname="col01"> 
				</entry> 
				<entry colname="col1"> 
				  <p>Social management 
				  </p> 
				</entry> 
				<entry namest="col3" nameend="col2"> 
				  <p><keyword> AdLens</keyword> 
				  </p> 
				</entry> 
			 </row> 
			 <row> 
				<entry colname="col01"> 
				</entry> 
				<entry colname="col1"> 
				  <p>Display management 
				  </p> 
				</entry> 
				<entry namest="col3" nameend="col2"> 
				</entry> 
			 </row> 
			 <row> 
				<entry colname="col01"> 
				</entry> 
				<entry colname="col1"> 
				  <p>Search management 
				  </p> 
				</entry> 
				<entry namest="col3" nameend="col2"> 
				</entry> 
			 </row> 
			 <row> 
				<entry colname="col01"> 
				</entry> 
				<entry colname="col1"> 
				  <p>Audience management 
				  </p> 
				</entry> 
				<entry namest="col3" nameend="col2"> 
				  <p><keyword> AudienceManager</keyword> 
				  </p> 
				</entry> 
			 </row> 
			 <row> 
				<entry colname="col01"> 
				</entry> 
				<entry colname="col1"> 
				  <p>Performance management 
				  </p> 
				</entry> 
				<entry namest="col3" nameend="col2"> 
				  <p><keyword> Digital AdTargeting</keyword> 
				  </p> 
				</entry> 
			 </row> 
			 <row> 
				<entry namest="col01" nameend="col2"> 
				  <p> 
					 <image href="graphics/mc_target_32.png"
					 id="image_AC92D24ED24243169D5D24C1BAABEF7C"> <?xm-replace_text Paragraph?>
					 </image> 
				  </p> 
				  <p> 
					 <xref
					 href="http://microsite.omniture.com/t2/help/en_US/tnt/help/tnt_home.html"
					 format="http" scope="external">Target</xref> 
				  </p> 
				</entry> 
			 </row> 
			 <row> 
				<entry colname="col01"> 
				</entry> 
				<entry colname="col1"> 
				  <p><b> Capability Name</b> 
				  </p> 
				</entry> 
				<entry namest="col3" nameend="col2"> 
				  <p><b>Retired Product Name</b> 
				  </p> 
				</entry> 
			 </row> 
			 <row> 
				<entry colname="col01"> 
				</entry> 
				<entry colname="col1"> 
				  <p>AB testing 
				  </p> 
				</entry> 
				<entry namest="col3" nameend="col2"> 
				  <p><keyword> Adobe Test&amp;Target 
					 </keyword> 
				  </p> 
				</entry> 
			 </row> 
			 <row> 
				<entry colname="col01"> 
				</entry> 
				<entry colname="col1"> 
				  <p>Multivariate testing 
				  </p> 
				</entry> 
				<entry namest="col3" nameend="col2"> 
				</entry> 
			 </row> 
			 <row> 
				<entry colname="col01"> 
				</entry> 
				<entry colname="col1"> 
				  <p>Rules based targeting 
				  </p> 
				</entry> 
				<entry namest="col3" nameend="col2"> 
				</entry> 
			 </row> 
			 <row> 
				<entry colname="col01"> 
				</entry> 
				<entry colname="col1"> 
				  <p>Geotargeting 
				  </p> 
				</entry> 
				<entry namest="col3" nameend="col2"> 
				</entry> 
			 </row> 
			 <row> 
				<entry colname="col01"> 
				</entry> 
				<entry colname="col1"> 
				  <p>Recommendations 
				  </p> 
				</entry> 
				<entry namest="col3" nameend="col2"> 
				  <p>Unchanged 
				  </p> 
				</entry> 
			 </row> 
			 <row> 
				<entry colname="col01"> 
				</entry> 
				<entry colname="col1"> 
				  <p>Search and promote 
				  </p> 
				</entry> 
				<entry namest="col3" nameend="col2"> 
				  <p><keyword> Search&amp;Promote</keyword> 
				  </p> 
				</entry> 
			 </row> 
			 <row> 
				<entry colname="col01"> 
				</entry> 
				<entry colname="col1"> 
				  <p>Automated personalization 
				  </p> 
				</entry> 
				<entry namest="col3" nameend="col2"> 
				  <p><keyword>Test&amp;Target 1:1</keyword> 
				  </p> 
				</entry> 
			 </row> 
			 <row> 
				<entry namest="col01" nameend="col2"> 
				  <p> 
					 <image href="graphics/mc_experiencemanager_32.png"
					 id="image_77F59508449D4344A2F4570830EB8D84"> <?xm-replace_text Paragraph?>
					 </image> 
				  </p> 
				  <p><xref
					 href="http://microsite.omniture.com/t2/help/en_US/em/home.html" format="http"
					 scope="external">Experience Manager</xref> 
				  </p> 
				</entry> 
			 </row> 
			 <row> 
				<entry colname="col01"> 
				</entry> 
				<entry colname="col1"> 
				  <p><b> Capability Name</b> 
				  </p> 
				</entry> 
				<entry namest="col3" nameend="col2"> 
				  <p><b>Retired Product Name</b> 
				  </p> 
				</entry> 
			 </row> 
			 <row> 
				<entry colname="col01"> 
				</entry> 
				<entry colname="col1"> 
				  <p>Sites 
				  </p> 
				</entry> 
				<entry namest="col3" nameend="col2"> 
				  <p><keyword>Adobe CQ Web Management 
					 </keyword> 
				  </p> 
				  <p> Adobe CQ eCommerce 
				  </p> 
				</entry> 
			 </row> 
			 <row> 
				<entry colname="col01"> 
				</entry> 
				<entry colname="col1"> 
				  <p>Assets 
				  </p> 
				</entry> 
				<entry namest="col3" nameend="col2"> 
				  <p> Adobe Scene7 
				  </p> 
				  <p> Adobe CQ Digital Asset Management 
				  </p> 
				</entry> 
			 </row> 
			 <row> 
				<entry colname="col01"> 
				</entry> 
				<entry colname="col1"> 
				  <p>Communities 
				  </p> 
				</entry> 
				<entry namest="col3" nameend="col2"> 
				  <p> Adobe Social Communities 
				  </p> 
				</entry> 
			 </row> 
			 <row> 
				<entry colname="col01"> 
				</entry> 
				<entry colname="col1"> 
				  <p>Apps 
				  </p> 
				</entry> 
				<entry namest="col3" nameend="col2"> 
				  <p> Adobe CQ Mobile 
				  </p> 
				</entry> 
			 </row> 
			 <row> 
				<entry colname="col01"> 
				</entry> 
				<entry colname="col1"> 
				  <p>Forms 
				  </p> 
				</entry> 
				<entry namest="col3" nameend="col2"> 
				  <p> LiveCycle Document Services add-ons for CQ 
				  </p> 
				</entry> 
			 </row> 
			 <row> 
				<entry colname="col01"> 
				  <p><image href="graphics/mc_campaign_32.png"
					 id="image_D4C687A03F78463689D02565BE118239"> <?xm-replace_text Paragraph?>
					 </image> 
				  </p> 
				  <p><xref
					 href="https://support.neolane.net/doc/AC6.1/en/home.html" format="https"
					 scope="external">Campaign</xref> 
				  </p> 
				</entry> 
				<entry namest="col1" nameend="col2"> 
				  <p> Formerly 
					 <keyword>Neolane</keyword>, 
					 <keyword>Adobe Campaign</keyword> offers marketers an automatic
					 and intuitive solution for delivering personalized messages via online and
					 offline marketing channels. 
				  </p> 
				</entry> 
			 </row> 
			 <row> 
				<entry colname="col01"> 
				</entry> 
				<entry namest="col1" nameend="col3"> 
				  <p><b> Capability Name</b> 
				  </p> 
				</entry> 
				<entry colname="col2"> 
				  <p><b>Retired Product Name</b> 
				  </p> 
				</entry> 
			 </row> 
			 <row> 
				<entry colname="col01"> 
				</entry> 
				<entry namest="col1" nameend="col3"> 
				  <p> Visual cross-channel orchestration 
				  </p> 
				</entry> 
				<entry colname="col2"> 
				  <p>Neolane 
				  </p> 
				</entry> 
			 </row> 
			 <row> 
				<entry colname="col01"> 
				</entry> 
				<entry namest="col1" nameend="col3"> 
				  <p> Integrated customer profile 
				  </p> 
				</entry> 
				<entry colname="col2"> 
				</entry> 
			 </row> 
			 <row> 
				<entry colname="col01"> 
				</entry> 
				<entry namest="col1" nameend="col3"> 
				  <p> Personalized targeting 
				  </p> 
				</entry> 
				<entry colname="col2"> 
				</entry> 
			 </row> 
			 <row> 
				<entry colname="col01"> 
				</entry> 
				<entry namest="col1" nameend="col3"> 
				  <p> Centralized offer management 
				  </p> 
				</entry> 
				<entry colname="col2"> 
				</entry> 
			 </row> 
			 <row> 
				<entry colname="col01"> 
				</entry> 
				<entry namest="col1" nameend="col3"> 
				  <p> Real-time interaction management 
				  </p> 
				</entry> 
				<entry colname="col2"> 
				</entry> 
			 </row> 
			 <row> 
				<entry colname="col01"> 
				</entry> 
				<entry namest="col1" nameend="col3"> 
				  <p> Cross-channel execution 
				  </p> 
				</entry> 
				<entry colname="col2"> 
				</entry> 
			 </row> 
			 <row> 
				<entry colname="col01"> 
				</entry> 
				<entry namest="col1" nameend="col3"> 
				  <p> Operational reporting 
				  </p> 
				</entry> 
				<entry colname="col2"> 
				</entry> 
			 </row> 
		  </tbody> 
		</tgroup> 
	 </table> 
  </conbody>
  <related-links>
	 <link href="solutions.xml#concept_99C26998BDBE423ABEAACD3FD34F8777"
	 format="dita" scope="local">
		<linktext><?xm-replace_text Solutions Page?>
		</linktext>
	 </link>
  </related-links>
</concept>
