﻿<?xml version="1.0" encoding="utf-8"?>
<!DOCTYPE task PUBLIC "-//OASIS//DTD DITA Task//EN" "task.dtd">
<task id="task_37F407F58BF9459493BB8E968CDFE737"> 
  <title>Create an audience</title> 
  <shortdesc>Combine data and attribute sources to create an audience in the 
	 <keyword>Marketing Cloud</keyword><keyword>Audience Library</keyword>. 
  </shortdesc> 
  <prolog> 
	 <metadata> 
		<othermeta name="solution" content="Marketing Cloud"/> </metadata>
  </prolog> 
  <taskbody> 
	 <steps id="steps_3678F5E791E043B89CBD534520A8278C"> 
		<step id="step_1B8D400AEC8F49109E3080D6B06260EC"> 
		  <cmd>Familiarize yourself with 
			 <xref
			  href="audience_library.xml#concept_3D52E1DED6D04ECC949B514E182C4655"
			  format="dita" scope="local">audiences</xref> and how 
			 <keyword>Marketing Cloud</keyword> solutions use them. 
		  </cmd> 
		  <info> 
		  </info> 
		</step> 
		<step id="step_9FD9825A6DD54CC198482BD9CD0C0FDE"> 
		  <cmd>In the 
			 <keyword>Marketing Cloud</keyword>, click 
			 <uicontrol>Audiences</uicontrol>. 
		  </cmd> 
		  <stepresult> 
			 <p><image href="graphics/audiences_new.png"
				id="image_B922FCCE23024CD69F91D5EDE511E03C"><?xm-replace_text Step Result?></image>
				
			 </p> 
		  </stepresult> 
		</step> 
		<step id="step_54B2BC23685442229351A2A7E99D7D7E"> 
		  <cmd>On the 
			 <wintitle>Audiences</wintitle> page, click 
			 <uicontrol>New</uicontrol>.<image href="graphics/add_icon_small.png"
			 id="image_5AB87B5258B74F859137D1AAA3982AAD"></image> 
		  </cmd> 
		  <stepresult> 
			 <p><image href="graphics/audience_create_new.png"
				id="image_398BCB08D4554D409080187744612076"><?xm-replace_text Step Result?></image>
				
			 </p> 
		  </stepresult> 
		</step> 
		<step id="step_CFB5C422F8E04B0E9B9AD52670A4C0E4"> 
		  <cmd>On the 
			 <wintitle>Create New Audience</wintitle> page, specify a title and
			 description. 
		  </cmd> 
		</step> 
		<step id="step_920ADD35C0934B80B1A4CA957AFEDDF2"> 
		  <cmd>Under 
			 <wintitle>Rules</wintitle>, select an attribute source: 
		  </cmd> 
		  <choices id="choices_C4C00B2E6F894EF3AC28C165E84EEE30"> 
			 <choice id="choice_5105AA9B4F29431FA38A0B333CFF11D4"> 
				<uicontrol>Raw Analytics Data:</uicontrol> Attribute data derived
				from data collection, such as 
				<keyword>Analytics</keyword> page variables (eVars), dynamic tag
				management, and other external sources. 
				<p>You must select a report suite when using this attribute source,
				  and define the dimension or event to include. This report suite selection
				  provides the variable structure used by the report suite. 
				</p> 
			 </choice> 
			 <choice id="choice_CD2A894DFD3C41E295D512747F8FF93B"> 
				<uicontrol>Marketing Cloud:</uicontrol> Attribute data derived from
				the 
				<keyword>Marketing Cloud</keyword> sources. For example, this can
				be data from audience segments you create in 
				<keyword>Analytics</keyword> (marketing reports &amp; analytics, ad
				hoc analysis, report builder), and data from 
				<keyword>Media Optimizer</keyword> (audience management). 
			 </choice> 
		  </choices> 
		</step> 
		<step id="step_3E2A6A041A1A4C1487DB215FD86C2279"> 
		  <cmd>Continue building the rules that define audiences. 
		  </cmd> 
		  <info> 
			 <p>See 
				<xref
				 href="audience_example.xml#concept_9588E880E0C7438E8B29AC7685AD0346"
				 format="dita" scope="local"><?xm-replace_text Audience Rules - Example?></xref>
				for an example of a composite audience. 
			 </p> 
			 <note>You should have an understanding of your implementation
				variables when building rules. 
			 </note> 
		  </info> 
		</step> 
		<step id="step_49348CECD40D4568B7EB4EBC6A984374"> 
		  <cmd>Click 
			 <uicontrol>Save</uicontrol>. 
		  </cmd> 
		</step> 
	 </steps> 
  </taskbody> 
</task> 
