﻿<?xml version="1.0" encoding="utf-8"?>
<!DOCTYPE task PUBLIC "-//OASIS//DTD DITA Task//EN" "task.dtd"[]>
<task id="task_CF611F6613734EFB9365F6C71520F928">
  <title>Create a board</title>
  <shortdesc>Create a Marketing Cloud board and add users for sharing. 
  </shortdesc>
  <prolog>
    <metadata>
      <othermeta name="solution" content="Marketing Cloud" />
    </metadata>
  </prolog>
  <taskbody>
    <steps id="steps_EB36CDE187AF412A9CA89425474279C5">
      <step id="step_F723E008F0CC4421BC0BEE6FE48EA398">
        <cmd>In the left navigation menu, click 
			 <uicontrol>Boards</uicontrol>. 
		  </cmd>
      </step>
      <step id="step_99207F67A0844197A59F5427C91817BD">
        <cmd>Click 
			 <image href="graphics/icon_create_board.png" id="image_B7AC0315A2AA4890AA30A2A5B79FBF19"></image> to display the 
			 <wintitle>Create Board</wintitle> page. 
		  </cmd>
      </step>
      <step id="step_3F01EF371BEE40EEB37FA75DF0C4B850">
        <cmd>Fill in the fields: 
		  </cmd>
        <stepresult>
          <p>
            <b>Board Title: 
				</b>Specify the desired name for the board. 
			 </p>
          <p>
            <b>Add User: 
				</b> (Optional) From the drop-down list, select a user with whom
				you want to share the board, then click 
				<uicontrol>Add</uicontrol>. Add additional users, as desired. If
				you do not share your board with additional users, the board is private. 
			 </p>
          <p>As you share the board with additional users, the 
				<wintitle>Team</wintitle> section updates to display the names of
				users with whom you have shared the board. 
			 </p>
          <p>To remove a user, click the 
				<wintitle>Remove</wintitle> icon (<image href="graphics/icon_remove.png" id="image_F6FF26F94B02428D84AE0CA45310853D"></image>) next the user's name. 
			 </p>
        </stepresult>
      </step>
      <step id="step_1BB59CD9C85B417FB28D3D76A22788C4">
        <cmd>Specify the permission for added users
			 (<uicontrol>Editor</uicontrol>, 
			 <uicontrol>Viewer</uicontrol>, or 
			 <uicontrol>Owner</uicontrol>). 
		  </cmd>
      </step>
      <step id="step_1B228865D8664940B3F5FFDF436445A3">
        <cmd>Click 
			 <uicontrol>Create</uicontrol>. 
		  </cmd>
      </step>
    </steps>
    <postreq id="postreq_C9337564C7A74C928F684818EF49F334">
      <p>You can edit the board in the future to share it with additional users
		  or to change its title. For more information, see 
		  <xref href="t_edit_board.xml#task_8DB84F87287545BCBFB374365BB0A02C" format="dita" scope="local"><?xm-replace_text Edit a Board?></xref>. 
		</p>
      <p>You can also create a new board while pinning a card. For more
		  information, see 
		  <xref href="t_pin_card.xml#task_BAE5AA642E4B4CC3894670811C7C700C" format="dita" scope="local"><?xm-replace_text Pin a Card to a Board?></xref>. 
		</p>
    </postreq>
  </taskbody>
</task>