﻿<?xml version="1.0" encoding="utf-8"?>
<!DOCTYPE task PUBLIC "-//OASIS//DTD DITA Task//EN" "task.dtd">
<task id="task_81F3CE98806E4EFFB2F096BEA3C8E5BF"> 
  <title>Add an organization</title> 
  <shortdesc>Add an Organization to the 
	 <keyword>Marketing Cloud</keyword> 
	 <wintitle>Organizations &amp; Product Access</wintitle> page. You add an
	 Organization if you have access to more than one company's 
	 <keyword>Marketing Cloud</keyword> accounts.
  </shortdesc> 
  <prolog> 
	 <metadata> 
		<othermeta name="solution" content="Marketing Cloud"/> </metadata>
  </prolog> 
  <taskbody> 
	 <steps id="steps_0C1FFD1A458D4140A576F2F237DEEAB4"> 
		<step id="step_F42279507D6D40C1A8817B62B35D0459"> 
		  <cmd> 
			 <xref href="t_sign_in.xml#task_1BFE87E20DCB44078CAC82F3CD44B985"
			 format="dita" scope="local"> <?xm-replace_text Sign in to the Adobe Marketing Cloud?>
			 </xref> 
		  </cmd> 
		</step> 
		<step id="step_302E0200E08F41E992C980E789398188"> 
		  <cmd>Click 
			 <uicontrol>Organizations</uicontrol>. 
		  </cmd> 
		  <info>
			 <p><image href="graphics/organizations.png"
				id="image_C5652D4CE7C4416BA5375DBA7FC45B15"><?xm-replace_text Step Info?></image>
			 </p>
		  </info>
		</step> 
		<step id="step_B9828F75C08846A6884D455BE84C53E5"> 
		  <cmd>Click 
			 <uicontrol>Get Access</uicontrol>.
		  </cmd> 
		  <stepresult> 
		  </stepresult> 
		</step> 
		<step id="step_D05F11FCE919458AA8C341229D3889B1"> 
		  <cmd>Select a solution, then type your solution credentials.
		  </cmd> 
		  <stepresult> 
			 <p><image href="graphics/add_organization.png"
				id="image_9B444BCF4DE843B9A8AB598FE65D6482"></image> 
			 </p> 
			 <p>For example, type the 
				<uicontrol>Company</uicontrol> (for Analytics and Social), 
				<uicontrol>Username</uicontrol>, and 
				<uicontrol>Password</uicontrol> fields.
			 </p>
		  </stepresult>
		</step> 
		<step id="step_8CDC35830B664686BE57388C2D0A7A5D"> 
		  <cmd>Click 
			 <uicontrol>Link Accounts</uicontrol>. 
		  </cmd> 
		</step> 
	 </steps> 
  </taskbody> 
</task> 
