﻿<?xml version="1.0" encoding="utf-8"?>
<!DOCTYPE task PUBLIC "-//OASIS//DTD DITA Task//EN" "task.dtd">
<task id="task_32FEEFE0B32E4E388CD4D892D727282A"> 
  <title>Publish an Analytics audience segment</title> 
  <shortdesc>Steps that describe how to publish an 
	 <keyword>Analytics</keyword> audience segment to Adobe 
	 <keyword>Target</keyword> and the 
	 <keyword>Marketing Cloud</keyword>, for audience marketing activities. 
  </shortdesc> 
  <prolog> 
	 <metadata> 
		<othermeta name="solution" content="Marketing Cloud"/> </metadata>
  </prolog> 
  <taskbody> 
	 <steps id="steps_B621D7F7F3EB45A98FE0FC7914FBC189"> 
		<step id="step_83BB87D02B4C42DF8F9543737317D774"> 
		  <cmd>In marketing reports &amp; analytics (or ad hoc analysis), create
			 a 
			 <xref
			  href="http://microsite.omniture.com/t2/help/en_US/analytics/segment/index.html"
			  format="http" scope="external">segment</xref>. 
		  </cmd> 
		</step> 
		<step id="step_DDDFF4C59AC74311BD1DC93F0C50DFF2"> 
		  <cmd>Enable the following option: 
		  </cmd> 
		  <info> 
			 <p> 
			 <table id="table_1830C54F8B0C4FB094F30929DEAE01EB"> 
				<tgroup cols="2"> 
				  <colspec colnum="1" colname="col1" colwidth="1.00*"/> 
				  <colspec colnum="2" colname="col2" colwidth="3.72*"/> 
				  <thead> 
					 <row> 
						<entry colname="col1">Element 
						</entry> 
						<entry colname="col2">Description 
						</entry> 
					 </row> 
				  </thead> 
				  <tbody> 
					 <row> 
						<entry colname="col1"> 
						  <p>Publish to 
							 <keyword>Marketing Cloud</keyword> (for 
							 <term>report suite name</term>) 
						  </p> 
						</entry> 
						<entry colname="col2"> 
						  <p> Enabling this option publishes this segment to the 
							 <keyword>Marketing Cloud</keyword>. You can use it for
							 marketing activity in the 
							 <wintitle>Audience Library</wintitle>, 
							 <keyword>Target</keyword>, and audience management. The 
							 <wintitle>Title</wintitle> and 
							 <wintitle>Description</wintitle> fields are required for
							 the segment to be published. 
						  </p> 
						  <p> Publishing a segment to the 
							 <keyword>Marketing Cloud</keyword> from 
							 <keyword>Analytics</keyword> displays the audience in the
							 
							 <wintitle>Marketing Cloud Audience Library</wintitle>.
							 The title and audience segment definition is shared, but not actual data. When
							 that audience is associated with an active campaign in 
							 <keyword>Target</keyword>, 
							 <keyword>Analytics</keyword> begins sending IDs for
							 visitors that qualify for that audience. At that point, the audience name and
							 corresponding data begins displaying in the 
							 <wintitle>Audience Library</wintitle>. 
						  </p> 
						  <note>In 
							 <keyword>Analytics</keyword>, you can edit or delete a
							 published segment. If the segment is in use, a warning message is issued when
							 you edit a segment. You cannot delete a published segment that is in use by 
							 <keyword>Adobe Target</keyword>. 
						  </note> 
						  <p> For information about enabling Audience Services, see 
							 <xref
							  href="https://marketing.adobe.com/resources/help/en_US/mcloud/audiences_getstarted.html"
							  format="html"> Implementing Audience Services (MMP) in the Marketing
								Cloud</xref>. 
							 <draft-comment> 
								<p>Audiences are not filtered based on the
								  authentication state of a visitor. If a visitor can browse your site in
								  un-authenticated and authenticated states, actions that occur when a visitor is
								  un-authenticated can still cause a visitor to be included in an audience.
								  Please review to understand the full privacy implications of audience sharing.
								  xref 
								</p> 
							 </draft-comment> 
						  </p>
						</entry> 
					 </row> 
				  </tbody> 
				</tgroup> 
			 </table> 
			 </p> 
		  </info> 
		</step> 
		<step id="step_6517BC9BDA55434283034AFD53702BF0"> 
		  <cmd>Click 
			 <uicontrol>Save</uicontrol>. 
		  </cmd> 
		</step> 
		<step id="step_E475DABC1CC14A8E92C56029D5EC4EB4"> 
		  <cmd>Access 
			 <keyword>Adobe Target</keyword>, then navigate to the 
			 <wintitle>Segment</wintitle> list. 
		  </cmd> 
		</step> 
		<step id="step_EFADDF987EC242FD91AB4A8C8E2E7C73"> 
		  <cmd>On the 
			 <wintitle>Segment</wintitle> page, click 
			 <uicontrol>Import Marketing Cloud Audiences</uicontrol> 
		  </cmd> 
		  <stepresult> 
			 <p>This option displays the 
				<keyword>Analytics</keyword> segment for use in activities. 
			 </p> 
		  </stepresult> 
		</step> 
	 </steps> 
  </taskbody> 
</task> 
