﻿<?xml version="1.0" encoding="utf-8"?>
<!DOCTYPE task PUBLIC "-//OASIS//DTD DITA Task//EN" "task.dtd">
<task id="task_1BFE87E20DCB44078CAC82F3CD44B985"> 
  <title>Sign in to the Adobe Marketing Cloud</title> 
  <shortdesc>After your company has been provisioned and your solution
	 credentials have been linked to your Adobe ID, you can sign in to the 
	 <keyword>Adobe Marketing Cloud</keyword> at 
	 <filepath>&lt;yourcompany&gt;.marketing.adobe.com</filepath>.
  </shortdesc> 
  <prolog> 
	 <metadata> 
		<othermeta name="solution" content="Marketing Cloud"/> </metadata>
  </prolog> 
  <taskbody> 
	 <steps id="steps_11856D53567544B898323143E5016C29"> 
		<step id="step_E3E5046F0EB2407FADF75CFC7BD09008"> 
		  <cmd>Verify with your administrator that your company is provisioned in
			 the Marketing Cloud. 
		  </cmd> 
		  <info> 
			 <p>This step is for administrators. See 
				<xref
				 href="admin_getting_started.xml#concept_A9A190B372C5450CA53D60431D362143"
				 format="dita" scope="local"><?xm-replace_text Administrators - Getting Started?></xref>.
				
			 </p> 
		  </info> 
		</step> 
		<step id="step_70B13C562D7E4CF2AED7E829732F799C"> 
		  <cmd>Review the information in 
			 <xref href="access.xml#concept_04341546E8B44CDF833F9DDF351A50B9"
			  format="dita" scope="local"><?xm-replace_text Getting Access to the Marketing Cloud?></xref>
			 to learn about single sign-on and linking your solution accounts to your Adobe
			 ID. 
		  </cmd> 
		  <stepresult> 
			 <p> Account linking enables single-sign on between solutions (like 
				<keyword>Analytics</keyword> and 
				<keyword>Social</keyword>) and the 
				<keyword>Marketing Cloud</keyword>. 
			 </p> 
		  </stepresult> 
		</step> 
		<step id="step_269C0F17BD824B45BD9A78B43F735069"> 
		  <cmd>Access the 
			 <keyword>Marketing Cloud</keyword> by browsing to the following URL: 
		  </cmd> 
		  <info> 
			 <p> 
				<filepath>&lt;yourcompany&gt;.marketing.adobe.com</filepath>. 
			 </p> 
		  </info> 
		</step> 
		<step id="step_90B677D6A4C0466197F83E1C36E5AD8D"> 
		  <cmd>Type your Adobe ID, then click 
			 <uicontrol>Sign In</uicontrol>. 
		  </cmd> 
		</step> 
	 </steps> 
  </taskbody> 
</task>
