﻿<?xml version="1.0" encoding="utf-8"?>
<!DOCTYPE task PUBLIC "-//OASIS//DTD DITA Task//EN" "task.dtd">
<task id="task_9942F3064467431596AD51AD92449827"> 
  <title>Invite a user to the Marketing Cloud</title> 
  <shortdesc>Invite a user to the Marketing Cloud and add the user to a group. 
  </shortdesc> 
  <prolog> 
	 <metadata> 
		<othermeta name="solution" content="Marketing Cloud"/> </metadata>
  </prolog> 
  <taskbody> 
	 <context id="context_F92B158AF1D64AAEAA2D031E5F631C12"> 
	 </context> 
	 <steps id="steps_5C03499A134940968402272A406552F0"> 
		<step id="step_4FB0226F159145CA8318D7CD04A5BEF5"> 
		  <cmd> 
			 <xref href="t_sign_in.xml#task_1BFE87E20DCB44078CAC82F3CD44B985"
			  format="dita" scope="local"> <?xm-replace_text Sign in to the Adobe Marketing Cloud?>
			 </xref> as an administrator. 
		  </cmd> 
		</step> 
		<step id="step_3A8664DDBDB44F29894F712F288ED13A"> 
		  <cmd>In the 
			 <keyword>Marketing Cloud</keyword>, click 
			 <uicontrol>Tools</uicontrol>, then click 
			 <uicontrol>User Management</uicontrol>. 
		  </cmd> 
		</step> 
		<step id="step_9247A187828546B3BEE8C60E00FFA8B1"> 
		  <cmd>Click 
			 <uicontrol>Send New Invite</uicontrol>. 
			 <image href="graphics/add_icon_small.png"
			  id="image_DBD7CF7E8A6B47B49269DC00DD6A6270"></image>
		  </cmd> 
		  <stepresult> <?xm-replace_text Step Result?>
		  </stepresult> 
		</step> 
		<step id="step_47410A91F38C449FB9B1B7D6C43435A2"> 
		  <cmd>Type the email address of the user you want to invite to the 
			 <keyword>Marketing Cloud</keyword>. 
		  </cmd> 
		  <stepresult> <?xm-replace_text Step Result?>
		  </stepresult> 
		</step> 
		<step id="step_DCB63280B6CD401AA23CA264742F328C"> 
		  <cmd>In the 
			 <uicontrol>Add Groups</uicontrol> field, specify a group to which you
			 want to add the user. 
		  </cmd> 
		  <stepresult> 
			 <p> 
				<image href="graphics/add_user.png"
				 id="image_5DC0ED9144A5442C87BDD1D0CEC5DA34"> <?xm-replace_text Step Result?>
				</image> 
			 </p> 
		  </stepresult> 
		</step> 
		<step id="step_6171CF6936E348CA979207C81D1B2970"> 
		  <cmd>Click 
			 <uicontrol>Add</uicontrol>. 
		  </cmd> 
		  <info> 
			 <p> When you add users, they are invited by email. The email
				recipient must click 
				<uicontrol>Accept</uicontrol> in the email, which confirms the
				address. At that point, the account is registered, and users can 
				<xref
				 href="link_accounts.xml#concept_DFCB29A3B4834FC59AA29E0BBA301584" format="dita"
				 scope="local"><?xm-replace_text Join the Marketing Cloud?></xref> by linking
				the Adobe ID to their solution credentials. 
			 </p> 
		  </info> 
		</step> 
	 </steps> 
  </taskbody> 
</task>
