﻿<?xml version="1.0" encoding="utf-8"?>
<!DOCTYPE concept PUBLIC "-//OASIS//DTD DITA Concept//EN" "concept.dtd">
<concept id="concept_5DAAABDF459E4AF3B06FEE132242DD80"> 
  <title>Terminology Introduction</title> 
  <shortdesc>A terminology reference for new 
	 <keyword>Marketing Cloud</keyword> users, and how those terms are used in
	 Creative Cloud. 
  </shortdesc> 
  <prolog> 
	 <metadata> 
		<keywords> 
		  <keyword>audience services</keyword> 
		  <keyword>asset sharing</keyword> 
		  <keyword>Creative Cloud</keyword> 
		</keywords> 
		<othermeta name="solution" content="Marketing Cloud"/> </metadata>
  </prolog> 
  <conbody> 
	 <draft-comment>Findings: In CC, change "Home" to "Recent Activity". In MAC,
		change "Card View" to "View."® 
	 </draft-comment> 
	 <table id="table_47265C717FFA44389DBFC03C602808EB"> 
		<tgroup cols="3"> 
		  <colspec colnum="1" colname="col1" colwidth="1.00*"/> 
		  <colspec colname="col02" colnum="2" colwidth="3.40*"/><colspec
		  colname="col3" colnum="3" colwidth="3.25*"/> 
		  <thead> 
			 <row> 
				<entry colname="col1">Term 
				</entry> 
				<entry colname="col02">Creative Cloud 
				</entry> 
				<entry colname="col3">Marketing Cloud 
				</entry> 
			 </row> 
		  </thead> 
		  <tbody> 
			 <row> 
				<entry colname="col1"> 
				  <p>Asset 
				  </p> 
				</entry> 
				<entry colname="col02"> 
				  <p>In the 
					 <keyword>Creative Cloud</keyword>, an 
					 <term>asset</term> is typically an image file. 
				  </p> 
				  <p>Assets can be layers in a Photoshop file, slides in a
					 PowerPoint file, pages in a PDF, files in a ZIP. 
				  </p> 
				</entry> 
				<entry colname="col3"> 
				  <p>In the 
					 <keyword>Marketing Cloud</keyword>, an asset is a digital
					 document, image, video, or audio that can have multiple renditions and can have
					 sub-assets. Examples include: 
				  </p> 
				  <p> 
				  <ul id="ul_41DC2F3E05054639A1CB4B4AEDC530F8"> 
					 <li id="li_485B3B2E854244E2A10C5EC98DBE4EF0">File 
					 </li> 
					 <li id="li_E1C5EB9A7DD141C5A29DE002F6152E99">Document 
					 </li> 
					 <li id="li_32636A1CDC0247A3A79FA7D59E1256F7">Image 
					 </li> 
					 <li id="li_CD15777591354DD09F9F15D8024E54B8">Video 
					 </li> 
					 <li id="li_4F0B942A79A544779337D4C3439DC578">Audio Clip 
					 </li> 
					 <li id="li_60030C6ADCCA467CBE10A98D46EC392E">Presentation 
					 </li> 
					 <li id="li_3EF6737C59EB4340AF8E95397A1904F9">Image Template 
					 </li> 
					 <li id="li_0D7F28A8D5A34D4C9053787EDD9AAF24">Video Template 
					 </li> 
				  </ul> 
				  </p> 
				</entry> 
			 </row> 
			 <row> 
				<entry colname="col1"> 
				  <p> Audiences 
				  </p> 
				</entry> 
				<entry colname="col02"> 
				  <p>In the 
					 <keyword>Creative Cloud</keyword>, an 
					 <term>audience</term> can be the person viewing a video. 
				  </p> 
				</entry> 
				<entry colname="col3"> 
				  <p>In the 
					 <keyword>Marketing Cloud</keyword>, audiences are collections
					 of people that we can target in our campaign activities. 
				  </p> 
				  <p>The membership in an audience can be determined based on a set
					 of rules, operating on the visitor's Context, or based on a fixed list. For
					 example, a list of email subscribers or members in a Facebook group. 
				  </p> 
				  <p>In 
					 <xref
					 href="audiences.xml#concept_F31D8B62FD5144E181979C3A300336A5" format="dita"
					 scope="local">Audience Services</xref>, creating and managing audiences is
					 similar to creating and using segments, with the addition of the ability to
					 share them to the Marketing Cloud. 
				  </p> 
				  <p><b>Adobe Target</b> 
				  </p> 
				  <p>In 
					 <keyword>Target</keyword>, 
					 <term>audiences</term> were formerly called segments. 
				  </p> 
				  <p><b>Adobe Analytics</b> 
				  </p> 
				  <p>In 
					 <keyword>Analytics</keyword>, 
					 <term>audiences</term> can be thought of as visitors to a web
					 site. You can create audience segments and 
					 <xref
					 href="t_publish_audience_segment.xml#task_32FEEFE0B32E4E388CD4D892D727282A"
					 format="dita" scope="local">publish the audience</xref> to the 
					 <keyword>Marketing Cloud</keyword>. 
				  </p> 
				</entry> 
			 </row> 
			 <row> 
				<entry colname="col1"> 
				  <p>Board 
				  </p> 
				</entry> 
				<entry colname="col02"> 
				  <p>In the 
					 <keyword>Creative Cloud</keyword>, a 
					 <term>board</term> can be an art board, such as in Illustrator.
					 
				  </p> 
				</entry> 
				<entry colname="col3"> 
				  <p>In the 
					 <keyword>Marketing Cloud</keyword>, you create boards to
					 collect and curate cards that contain images or reports from 
					 <keyword>Marketing Cloud</keyword> solutions, such as 
					 <keyword>Analytics</keyword> or 
					 <keyword>Social</keyword>. 
				  </p> 
				  <p>You can keep your boards private or you can share them with
					 other users. You or users with whom you have shared the board can add comments
					 to the cards or annotate the cards by drawing directly on them. 
				  </p> 
				</entry> 
			 </row> 
			 <row> 
				<entry colname="col1"> 
				  <p> Campaigns 
				  </p> 
				</entry> 
				<entry colname="col02"> 
				  <p>In the 
					 <keyword>Creative Cloud</keyword>, a campaign can be thought of
					 as a marketing campaign that uses Creative Cloud image assets. 
				  </p> 
				</entry> 
				<entry colname="col3"> 
				  <p>In the Marketing Cloud, campaigns determine what content is
					 displayed to the audience. It also determines where (location) the content is
					 displayed, and when. A campaign has a specific goal, which is tracked by
					 metrics. 
				  </p> 
				  <p>Running a campaign requires matching the visitor's context
					 with the rules set in the campaign, and the delivery of content according to
					 the technical constraints of the location's channel. 
				  </p> 
				  <p>In Adobe Target, the terms 
					 <term>campaign</term> and 
					 <term>activity</term> are synonymous. 
				  </p> 
				</entry> 
			 </row> 
			 <row> 
				<entry colname="col1"> 
				  <p>Capability 
				  </p> 
				</entry> 
				<entry colname="col02"> 
				  <p>No special use. 
				  </p> 
				</entry> 
				<entry colname="col3"> 
				  <p>In 
					 <keyword>Marketing Cloud</keyword>, capabilities refer to
					 functionality within solutions (or products). For example, marketing reports
					 &amp; analytics is a capability within the 
					 <keyword>Analytics</keyword> solution. 
				  </p> 
				  <p>See 
					 <xref
					 href="solutions_capability_names.xml#concept_C5F77A107915434084ADE1A13EF0A868"
					 format="dita" scope="local"><?xm-replace_text About Solution and Capability Names?></xref>.
					 
				  </p> 
				</entry> 
			 </row> 
			 <row> 
				<entry colname="col1"> 
				  <p> Card 
				  </p> 
				</entry> 
				<entry colname="col02"> 
				  <p>In the 
					 <keyword>Creative Cloud</keyword>, a card is something you
					 print, like a greeting card. 
				  </p> 
				</entry> 
				<entry colname="col3"> 
				  <p> In the 
					 <keyword>Marketing Cloud</keyword>, cards are collaboration
					 tools based on content and assets. They display in the Feed or a Board and show
					 activity, such as leaving or viewing a comment on the card, sharing the card or
					 asset, and following or unfollowing an asset. 
				  </p> 
				  <p>See 
					 <xref href="cards.xml#concept_0A2472B530E04930BCE5CC23A8BEF9E0"
					 format="dita" scope="local"><?xm-replace_text Cards?></xref> 
				  </p> 
				</entry> 
			 </row> 
			 <row> 
				<entry colname="col1"> 
				  <p> Channel 
				  </p> 
				</entry> 
				<entry colname="col02"> 
				  <p> In the 
					 <keyword>Creative Cloud</keyword>, 
					 <term>channels</term> might be grayscale images that store
					 different types of information. They are information channels and color
					 channels. 
				  </p> 
				</entry> 
				<entry colname="col3"> 
				  <p>In the 
					 <keyword>Marketing Cloud</keyword>, a channel is an attribute
					 of a location, or an activity in a campaign. 
				  </p> 
				  <p>In 
					 <keyword>Analytics</keyword>, marketing channels are commonly
					 used to provide insight on how visitors arrive on your site, such as via email
					 campaigns. 
				  </p> 
				  <p>Examples include: 
				  <ul id="ul_F3D0CC47D4E9453DB83A3ACD1386E5C1"> 
					 <li id="li_CA91401B80464517A339EA8DC7A1FC26">Email 
					 </li> 
					 <li id="li_2D06748B894144F5A314E41E0B245FCB">Display Ads 
					 </li> 
					 <li id="li_6CE3146245964E8CA3A02B525FF40DF2">Social Networks 
					 </li> 
					 <li id="li_71AB99B7841D4E9AA06FFB1EDF87DE1C">Paid Search 
					 </li> 
					 <li id="li_740EB3A9DA6C498FA3CD4FF256EA491A">Natural Search 
					 </li> 
					 <li id="li_3F2EF016E16F4F22B65791A13B126051">Referring Domains 
					 </li> 
				  </ul> 
				  </p> 
				</entry> 
			 </row> 
			 <row> 
				<entry colname="col1"> 
				  <p> Collaboration and Sharing 
				  </p> 
				</entry> 
				<entry colname="col02"> 
				  <p>You can share assets within Adobe Experience Manager (AEM)
					 Assets with the 
					 <keyword>Marketing Cloud</keyword> and 
					 <keyword>Adobe Creative Cloud</keyword>. 
				  </p> 
				  <p>See 
					 <xref href="asset.xml#concept_AD6B33B2C36B4AB38343E0FE1DE18E3B"
					 format="dita" scope="local"><?xm-replace_text Assets and Sharing?></xref> 
				  </p> 
				</entry> 
				<entry colname="col3"> 
				  <p>In the 
					 <keyword>Marketing Cloud</keyword>, you can posts a care to
					 your Feed (and add it to a board, or a collection of cards). All subscribers
					 get a card for that post on their Feed page. 
				  </p> 
				  <p> For example when reporting on the success of some mass
					 mailing for a particular campaign, an 
					 <keyword>Analytics</keyword> report is posted (shared) with the
					 campaign's board. Subscribers to that board will see a corresponding card on
					 their board. 
				  </p> 
				</entry> 
			 </row> 
			 <row> 
				<entry colname="col1"> 
				  <p> Context 
				  </p> 
				</entry> 
				<entry colname="col02"> 
				  <p>Typically refers to a menu or information available relative
					 to a selection or task being performed. 
				  </p> 
				</entry> 
				<entry colname="col3"> 
				  <p> 
					 <term>Context</term> describes the details of a visitor's
					 current interaction with a digital property. Examples of context include the
					 position of their mouse, the state of a form field, the value of their shopping
					 cart, or the device that they are using. 
				  </p> 
				  <p> 
					 <xref
					 href="http://microsite.omniture.com/t2/help/en_US/dtm/dtm_home.html"
					 format="http" scope="external">Dynamic tag management</xref> provides the most
					 robust context detection and service activation capability on the market today
					 and provides the contextual component of master marketing profiles. 
				  </p> 
				</entry> 
			 </row> 
			 <row> 
				<entry colname="col1"> 
				  <p> Content 
				  </p> 
				</entry> 
				<entry colname="col02"> 
				  <p>In the 
					 <keyword>Creative Cloud</keyword>, content refers to text and
					 images on a page. The term is similarly used between the 
					 <keyword>Creative</keyword> and 
					 <keyword>Marketing Clouds</keyword>. 
				  </p> 
				</entry> 
				<entry colname="col3"> 
				  <p>In the 
					 <keyword>Marketing Cloud</keyword>, 
					 <term>content</term> refers to marketing content that can be
					 used as part of a Campaign, to support a specific goal. 
				  </p> 
				  <p>Content is used in specific Locations and can be comprised of
					 Assets. Content can be structured, such as product information, or
					 unstructured, such as a web page or a screen in a mobile application. 
				  </p> 
				  <p>Examples include: 
				  <ul id="ul_E2F6FD3B40184B369653BDB6EB9FE04F"> 
					 <li id="li_2CB2C06048004C6E9AB3E90F8B453D27">Web pages 
					 </li> 
					 <li id="li_84B4F9A41C52439EA2FD10BCDCBCA827">Banners 
					 </li> 
					 <li id="li_B5D5D3CD34A646B49B39C2117D60D602">Status updates 
					 </li> 
					 <li id="li_FB5C6D1F96C1498C97348D7C59E1C16A">Comments 
					 </li> 
					 <li id="li_29679E8DCC70401FBDBA6A9F8B2F173C">Text ads 
					 </li> 
					 <li id="li_248BC4D880C54562A7325738B439C465">Product
						information 
					 </li> 
					 <li id="li_5EB258812434453B9FC1F18B65A74129">Product reviews 
					 </li> 
					 <li id="li_32EE975A19674786A3BB4C7724BAB48E">Form data 
					 </li> 
					 <li id="li_8C67EBA570934191AE8B7389A9E4539C">Documents in a
						search index 
					 </li> 
					 <li id="li_32A0437A27F04964B13C334C6699FB81">Social posts 
					 </li> 
					 <li id="li_5D5AC4A170D4452288F4DC95250CF2C6">Articles 
					 </li> 
					 <li id="li_5A3BD9C70EFC469B97515C983723C4BE">Publications 
					 </li> 
				  </ul> 
				  </p> 
				</entry> 
			 </row> 
			 <row> 
				<entry colname="col1"> 
				  <p>Feed 
				  </p> 
				</entry> 
				<entry colname="col02"> 
				  <p>The Creative Cloud 
					 <term>home</term> is similar to the Marketing Cloud 
					 <term>feed</term>. 
				  </p> 
				  <p><image href="graphics/cc_home.png"
					 id="image_84C4C6AEFA6A4A20A749B3B6B5A6645E"><?xm-replace_text Paragraph?></image>
					 
				  </p> 
				  <p>The home is a desktop client can be defined as the sum total
					 of activities that took place on your 
					 <keyword>Creative Cloud</keyword> account. Activities include
					 installing and updating of software, fonts, any activity on Behance, and all
					 activity pertaining to a file uploaded. 
				  </p> 
				</entry> 
				<entry colname="col3"> 
				  <p>In the Marketing Cloud, a 
					 <term>feed</term> is an aggregation of cards that you create or
					 that have been shared with you by other users or from 
					 <keyword>Adobe Marketing Cloud</keyword> solutions. 
				  </p> 
				  <p>The Feed might be empty the first time you log in to the 
					 <keyword>Marketing Cloud</keyword>. As you create boards and
					 cards, and other users share content with you, the Feed will automatically
					 populate to help you and your team members keep up to date. 
				  </p> 
				  <p> See 
					 <xref href="feed.xml#concept_9256B8768A294009A777282DD8719213"
					 format="dita" scope="local"><?xm-replace_text Feeds?></xref>. 
				  </p> 
				</entry> 
			 </row> 
			 <row> 
				<entry colname="col1"> 
				  <p>Linking 
				  </p> 
				</entry> 
				<entry colname="col02"> 
				  <p>No special use. 
					 <term>Linking</term> refers to hyperlink navigation, and
					 linking items like fonts, properties, layers, and so on. 
				  </p> 
				</entry> 
				<entry colname="col3"> 
				  <p> In 
					 <keyword>Marketing Cloud</keyword>, 
					 <term>linking</term> usually refers to linking different
					 solution accounts to the interface. 
				  </p> 
				  <p>See 
					 <xref
					 href="link_accounts.xml#concept_DFCB29A3B4834FC59AA29E0BBA301584" format="dita"
					 scope="local"><?xm-replace_text Join the Marketing Cloud?></xref>. 
				  </p> 
				  <p>Linking also refers to standard URLs for 
					 <keyword>Analytics</keyword> reports sent to other users. 
				  </p> 
				</entry> 
			 </row> 
			 <row> 
				<entry colname="col1"> 
				  <p>Locations 
				  </p> 
				</entry> 
				<entry colname="col02"> 
				  <p>In the 
					 <keyword>Creative Cloud</keyword>, 
					 <term>location</term> refers to file locations, or a location
					 on an open image or document. 
				  </p> 
				</entry> 
				<entry colname="col3"> 
				  <p> In the 
					 <keyword>Marketing Cloud</keyword>, 
					 <term>locations</term> are where content is being seen (and can
					 be interacted with) by Audiences. The association between Locations and Content
					 can be more or less static, or can be managed dynamically according to the
					 rules of a Campaign. A location always belongs to a specific Channel that
					 determines how Content can be delivered and how Metrics can be collected. 
				  </p> 
				  <p>Examples include: 
				  <ul id="ul_63F2AA9F418B497E8F2F16856EB989C4"> 
					 <li id="li_65D877C69A7F453EA256EE55B1D9C9F1">Sites 
					 </li> 
					 <li id="li_47EE97D375AD486D9FB5C923C5FA7069">Properties
						(Social) 
					 </li> 
					 <li id="li_5E5CF0AE35264F3C8773457144F76A07">Display inventory 
					 </li> 
					 <li id="li_2F5B5FCA8C994388B911A44B60DF4537">Landing pages 
					 </li> 
					 <li id="li_6B01E4AEBD4647C58FA2334EC507BE9A">Mobile
						applications 
					 </li> 
					 <li id="li_BC1D4B4A1D19438690158345D1548727">Slots (video) 
					 </li> 
				  </ul> 
				  </p> 
				</entry> 
			 </row> 
			 <row> 
				<entry colname="col1"> 
				  <p>Metrics 
				  </p> 
				</entry> 
				<entry colname="col02"> 
				  <p>Not generally used in the 
					 <keyword>Creative Cloud</keyword>. 
				  </p> 
				</entry> 
				<entry colname="col3"> 
				  <p> Aggregate numbers about key concepts and goals. 
				  </p> 
				  <p>In 
					 <keyword>Analytics</keyword>, metrics are quantitative
					 information about visitor activity, such as Views, Click-Throughs, Reloads,
					 Average Time spent, Units, Orders, and Revenue. 
				  </p> 
				  <p>See 
					 <xref
					 href="http://microsite.omniture.com/t2/help/en_US/reference/metrics.html"
					 format="http" scope="external">Metric Descriptions</xref>. 
				  </p> 
				</entry> 
			 </row>
			 <row>
				<entry colname="col1">
				  <p>Organization
				  </p>
				</entry>
				<entry colname="col02">
				  <p>Not generally used in the 
					 <keyword>Creative Cloud</keyword>. 
				  </p>
				</entry>
				<entry colname="col3"> 
				  <p>An Organization is the entity that enables an administrator to
					 configure groups and users, and to control single sign-on in the Marketing
					 Cloud. Most often, the Organization is the billing company, such as Acme Corp.
				  </p>
				  <p>See 
					 <xref
					 href="organizations.xml#concept_6D5C8402C03C4698BB37823A73B7AC11" format="dita"
					 scope="local">Organizations</xref>.
				  </p>
				</entry>
			 </row> 
			 <row> 
				<entry colname="col1"> 
				  <p>Portfolio 
				  </p> 
				</entry> 
				<entry colname="col02"> 
				  <p>An assembly of multiple files or assets. 
				  </p> 
				</entry> 
				<entry colname="col3"> 
				  <p>A container of Campaigns. 
				  </p> 
				</entry> 
			 </row> 
			 <row> 
				<entry colname="col1"> 
				  <p>Schedule 
				  </p> 
				</entry> 
				<entry colname="col02"> 
				  <p>May refer to a sequence of scenes in Adobe Story, or scheduled
					 tasks in ColdFusion. 
				  </p> 
				</entry> 
				<entry colname="col3"> 
				  <p> In the Marketing Cloud, a 
					 <term>schedule</term> is the start date (year, month, day) and
					 an end date for activating campaigns, channels, and activities. Activity
					 schedules have a granularity down to the minute. Changing a schedule creates a
					 card. 
				  </p> 
				  <p>Examples include: 
				  <ul id="ul_62EC91F943EE496EB1C3358DEC70BF64"> 
					 <li id="li_9C7CA2B0D4B34D5CA0D6A17DBAB99E57">Campaign schedules
						
					 </li> 
					 <li id="li_15013DD2E75F4107A099FAAFF69F1F75">Channel schedules 
					 </li> 
					 <li id="li_B36061DA3B8D4E29875107E07377A9AC">Activity schedules
						
					 </li> 
				  </ul> 
				  </p> 
				</entry> 
			 </row> 
			 <row> 
				<entry colname="col1"> 
				  <p>Sharing 
				  </p> 
				</entry> 
				<entry colname="col02"> 
				  <p> In 
					 <keyword>Creative Cloud</keyword>, you can share files
					 externally across platforms (social, communities, emails, and so on). 
				  </p> 
				  <draft-comment> 
					 <p>Sharing of assets to folders between the 
						<keyword>Creative Cloud</keyword> and 
						<keyword>Marketing Cloud</keyword> is in development. 
					 </p> 
				  </draft-comment> 
				</entry> 
				<entry colname="col3"> 
				  <p> In 
					 <keyword>Marketing Cloud</keyword>, you can share an asset as a
					 card only, within boards inside the interface. Sharing is available to those
					 who are logged in to the site. 
				  </p> 
				</entry> 
			 </row> 
			 <row> 
				<entry colname="col1"> 
				  <p>Solution 
				  </p> 
				</entry> 
				<entry colname="col02"> 
				  <p>No special use. 
				  </p> 
				</entry> 
				<entry colname="col3"> 
				  <p>In Marketing Cloud, solutions are known as products like 
					 <keyword>Analytics</keyword>, 
					 <keyword>Social</keyword>, 
					 <keyword>Target</keyword>, and so on. 
				  </p> 
				  <p>See 
					 <xref
					 href="solutions_capability_names.xml#concept_C5F77A107915434084ADE1A13EF0A868"
					 format="dita" scope="local"><?xm-replace_text About Solution and Capability Names?></xref>.
					 
				  </p> 
				</entry> 
			 </row> 
		  </tbody> 
		</tgroup> 
	 </table> 
  </conbody> 
</concept> 
