<?xml version="1.0"?>
<!DOCTYPE concept PUBLIC "-//OASIS//DTD DITA Concept//EN" "concept.dtd">
<concept id="concept_F03C9AEE1B804478932972AC0D5B3229"> 
  <title>Customer Attributes - Beta Program</title> 
  <shortdesc>Customer Attributes let you enrich Analytics data with customer or
	 visitor attribute data from a customer relationship management (CRM) database.
	 You can create customer record sources, then upload customer records to the
	 Marketing Cloud via an Adobe-provided FTP site. As part of the Master Marketing
	 Profile, this service manages the importing and distribution of attribute data
	 in the Marketing Cloud. 
  </shortdesc> 
  <conbody> 
	 <draft-comment> 
		<p>https://wiki.corp.adobe.com/display/omtrplatform/Customer+attributes+beta+invitation?focusedCommentId=913757083#comment-913757083
		  
		</p> 
		<p>https://wiki.corp.adobe.com/display/omtrplatform/Customer+attributes+beta+requirements+and+FAQ
		  
		</p> 
		<p>Need to reconcile content with Kate's jira ticket--which pages will
		  receive in-product help. https://issues.adobe.com/browse/MAC-21280 
		</p> 
		<p>Coachmarks mock:
		  https://projects.invisionapp.com/share/DV16976JK#/screens 
		</p> 
	 </draft-comment> 
	 <p>Useful attributes commonly stored in CRM databases include age, gender,
		loyalty level, products own, interests, and Lifetime Value. Customer attributes
		allow marketers and analysts to answer questions such as: 
	 </p> 
	 <ul id="ul_3B4037784B454CD892942E814A19A606"> 
		<li id="li_382C91A24DCD49DEAC61F20BC793712B">Which online campaigns are
		  most effective with my gold-level customers? 
		</li> 
		<li id="li_8E0EB3432B4D4AA8987D1A10FBE1E1CA">Which products do gold-level
		  customers search for versus platinum-level customers? 
		</li> 
		<li id="li_7C21BD089ACA42BFA478702A4D92F370">Is my site redesign having a
		  positive impact on conversion rates for older customers? 
		</li> 
		<li id="li_6F49791C95B140228C5558CFCF9334FD">What products do customers
		  with a low lifetime value tend to research on my site? 
		</li> 
	 </ul> 
	 <p>The following sections describe the requirements for the Customer
		Attributes Beta: 
	 </p> 
	 <ul id="ul_2D72506128714AEE833DA163DFA29304"> 
		<li id="li_5F3CCC9EEA1142179A8958406FBE7F45"><xref
		  href="visitor_data_sources.xml#concept_F03C9AEE1B804478932972AC0D5B3229/section_9B1829A1A36749A9B4E1B0F9F7D3644A"
		  format="dita" scope="local"><?xm-replace_text Getting Started Using Customer Attributes?></xref>
		  
		</li> 
		<li id="li_F593C870657048498E88E5F07E69CA05"><xref
		  href="visitor_data_sources.xml#concept_F03C9AEE1B804478932972AC0D5B3229/section_BAED41567D074136B3D0B32264C5908F"
		  format="dita" scope="local"><?xm-replace_text Synching the Customer ID with your Analytics     Implementation?></xref>
		  
		</li> 
		<li id="li_819C8A72DB1F4F39B4C158879A247033"><xref
		  href="visitor_data_sources.xml#concept_F03C9AEE1B804478932972AC0D5B3229/section_23DF7D6519E9490ABDF49CF890105757"
		  format="dita" scope="local"><?xm-replace_text Migrating to the Marketing Cloud Visitor ID Service?></xref>
		  
		</li> 
		<li id="li_D8FBEABFC1554574BC106AD0200A5CBA"><xref
		  href="visitor_data_sources.xml#concept_F03C9AEE1B804478932972AC0D5B3229/section_169FBF5B7BBA47CE825B7A330CF3FE98"
		  format="dita" scope="local"><?xm-replace_text Uploading CRM data?></xref> 
		</li> 
		<li id="li_248A72F7D4C64DB4ADBDEF6F49A90499"><xref
		  href="visitor_data_sources.xml#concept_F03C9AEE1B804478932972AC0D5B3229/section_F358D10FB8394F9D97C48ADBF7E02BF1"
		  format="dita" scope="local"><?xm-replace_text Testing Customer Attributes in Adobe Analytics?></xref>
		  
		</li> 
		<li id="li_4F4D6951F8BB4EDF99CCC55BF7263679"><xref
		  href="visitor_data_sources.xml#concept_F03C9AEE1B804478932972AC0D5B3229/section_6453C2C7BC2E45AAB14D556A27B308D3"
		  format="dita" scope="local"><?xm-replace_text Beta Testing Requirements?></xref>
		  
		</li> 
		<li id="li_825175FC5E41474BB55DCB9C5711BA87"><xref
		  href="visitor_data_sources.xml#concept_F03C9AEE1B804478932972AC0D5B3229/section_A3E99402580541A1BEE324C8F8F1BB09"
		  format="dita" scope="local"><?xm-replace_text FAQ?></xref> 
		</li> 
	 </ul> 
	 <p><b>See Also</b> 
	 </p> 
	 <p> 
		<xref href="privacy_mac.xml#concept_E5C17BC311C44C62A3DC127C3861D40E"
		format="dita" scope="local"><?xm-replace_text Privacy Considerations for the Customer Record Service?></xref>.
		
	 </p> 
	 <section id="section_9B1829A1A36749A9B4E1B0F9F7D3644A"> 
		<title>Getting Started Using Customer Attributes</title> 
		<p>Prerequisites:
		</p> 
		<ul id="ul_946FC4F10ED44A0CAA3C5D748F8D6A34"> 
		  <li id="li_34B83024D14F47088542C971E1DE8961">To access this feature,
			 users must be added to the Adobe Customer Services group in the 
			 <xref
			 href="https://marketing.adobe.com/resources/help/en_US/mcloud/groups.html"
			 format="https" scope="external">Marketing Cloud Tools</xref>
			 (<uicontrol>Tools</uicontrol> &gt; 
			 <uicontrol>Groups</uicontrol>). 
		  </li> 
		  <li id="li_BDC0757E0F2F4A27A4E97BA4B768C6B2"> Ensure that visitors are
			 identifying themselves on your site, such as by logging in or clicking a link
			 in an email campaign. 
		  </li> 
		</ul> 
		<p><b>To get started using Visitor Attributes</b> 
		</p> 
		<table id="table_F41D84D23BC84AF59EDFC6B5EDD2875F"> 
		  <tgroup cols="3"><colspec colnum="1" colname="col1"
			 colwidth="1.00*"/><colspec colname="col02" colnum="2"
			 colwidth="1.52*"/><colspec colnum="3" colname="col2" colwidth="1.68*"/><thead> 
				<row> 
				  <entry colname="col1">Task 
				  </entry> 
				  <entry colname="col02">Where 
				  </entry> 
				  <entry colname="col2">Description 
				  </entry> 
				</row></thead> 
			 <tbody> 
				<row> 
				  <entry colname="col1"> 
					 <p><image href="graphics/step1_icon.png"
						id="image_EDBA702A1F1D4100A78B1080EF7E2DD8"></image> Implement 
					 </p> 
				  </entry> 
				  <entry colname="col02"> 
					 <p>Implement the 
						<xref
						href="http://microsite.omniture.com/t2/help/en_US/mcvid/mcvid_implement.html"
						format="http" scope="external">Marketing Cloud Visitor ID Service</xref> 
					 </p> 
					 <p>Alternatively, populate the customer ID into a prop or eVar.
						
					 </p> 
				  </entry> 
				  <entry colname="col2"> 
					 <p>The recommended implementation is to use the latest Visitor
						ID service for the Marketing Cloud. 
					 </p> 
					 <p>(If you are using the 
						<xref
						href="https://marketing.adobe.com/resources/help/en_US/mcloud/audiences_getstarted.html"
						format="https" scope="external">Master Marketing Profile Implementation</xref>,
						you have already performed this step.) 
					 </p> 
					 <p>Required code versions for this feature: 
					 <ul id="ul_79AD34AAB19D49E0A9858C8F0E0DB3FB"> 
						<li id="li_0FA5EF8FE7844335B9CF9BEF67781389">Visitor API
						  1.3.1 
						</li> 
						<li id="li_17CAF57581284830BE9C309BB8A7ECBF">AppMeasurement
						  1.4 or H.27.3 
						</li> 
					 </ul> 
					 </p> 
					 <p>Use code from production in Admin Tools &gt; Code Manager. 
					 </p> 
					 <note>See 
						<xref
						href="visitor_data_sources.xml#concept_F03C9AEE1B804478932972AC0D5B3229/section_BAED41567D074136B3D0B32264C5908F"
						format="dita" scope="local"><?xm-replace_text Synching the Customer ID with your Analytics     Implementation?></xref>
						below for important information about passing the CRM ID to the 
						<keyword>Marketing Cloud</keyword>. 
					 </note> 
				  </entry> 
				</row> 
				<row> 
				  <entry colname="col1"> 
					 <p><image href="graphics/step2_icon.png"
						id="image_E386E726134C4F7097C58F0F6272EC82"></image> Upload the data 
					 </p> 
				  </entry> 
				  <entry colname="col02"> 
					 <p><menucascade><uicontrol>Profile
							 Managment</uicontrol><uicontrol>Visitor Attributes</uicontrol></menucascade> 
					 </p> 
				  </entry> 
				  <entry colname="col2"> 
					 <ul id="ul_DC83EE2AED754BA1B7C978B8FEFCA753"> 
						<li id="li_9B9AF9DDCEE64A249EB423273A1DE747"> Create, edit,
						  manage customer record sources. 
						</li> 
						<li id="li_116DE2D71DDE4AB79D8060F2C8AA67F2"> Upload customer
						  records to the Marketing Cloud via an Adobe-provided FTP site (sFTP is also
						  supported). 
						</li> 
						<li id="li_CB86409CE6F44C8CAEECFD091B936948"> Create a
						  subscription for Analytics to use these customer records. 
						</li> 
					 </ul> 
					 <p>See 
						<xref
						href="visitor_data_sources.xml#concept_F03C9AEE1B804478932972AC0D5B3229/section_169FBF5B7BBA47CE825B7A330CF3FE98"
						format="dita" scope="local"><?xm-replace_text Uploading CRM Data?></xref>. 
					 </p> 
				  </entry> 
				</row> 
				<row> 
				  <entry colname="col1"> 
					 <p><image href="graphics/step3_icon.png"
						id="image_51A6C0CDE5AC46759E84409FEEE1A0B9"></image> Report on the data 
					 </p> 
				  </entry> 
				  <entry colname="col02"> 
					 <p>Analytics reporting (<uicontrol>Visitor Profile</uicontrol>
						&gt; 
						<uicontrol>Visitor Attributes</uicontrol>) 
					 </p> 
				  </entry> 
				  <entry colname="col2"> 
					 <p> Analyze and create segments based on Analytics data
						combined with customer attributes (metrics and dimensions). 
					 </p> 
					 <p>You can run these reports in marketing reports &amp;
						analytics, ad hoc analysis, and report builder 
					 </p> 
				  </entry> 
				</row> 
			 </tbody> 
		  </tgroup> 
		</table> 
	 </section> 
	 <section id="section_BAED41567D074136B3D0B32264C5908F"> 
		<title>Synching the Customer ID with your Analytics
		  Implementation</title> 
		<p> When a visitor authenticates on your website or otherwise identifies
		  himself, you must expose that person's CRM customer ID to your 
		  <keyword>Analytics</keyword> implementation. This synchronization
		  stores that visitor's CRM customer ID in the Marketing Cloud, and activates
		  that visitor's attributes for use in the Marketing Cloud. 
		</p> 
		<p> For example, assume that Bob has Customer ID 
		  <codeph>52mc210tr42</codeph> in your CRM system. When Bob authenticates
		  on your site, you must expose this ID on the page, and use the ID to
		  synchronize it by one of two means: 
		</p> 
		<ul id="ul_8B68699F5E214285B84FE325E5F30524"> 
		  <li id="li_2217FA2514724CCD86FE146D4E49DC3D">Call 
			 <codeph>visitor.setCustomerIDs({"crm_id":"52mc210tr42"})</codeph>
			 using the Visitor ID service. 
			 <p>Or, 
			 </p> 
		  </li> 
		  <li id="li_5D96F2DCB10C48BF8B8079F1F3D20FEA">Populate the 
			 <term>Customer ID (52mc210tr42)</term> in a prop or eVar. 
		  </li> 
		</ul> 
		<p> The Customer ID must be set on each 
		  <keyword>Analytics</keyword> server call where the Customer ID is
		  known. 
		</p> 
	 </section> 
	 <section id="section_23DF7D6519E9490ABDF49CF890105757"> 
		<title>Migrating to the Marketing Cloud Visitor ID Service</title> 
		<p> Adobe recommends that all Marketing Cloud customers migrate to the
		  Visitor ID service as soon as possible. See 
		  <xref href="http://microsite.omniture.com/t2/help/en_US/mcvid/"
			format="http" scope="external">Marketing Cloud Visitor ID Service</xref> for
		  information about the benefits of the Visitor ID service, how it works and how
		  to implement it. 
		</p> 
		<p> Participation in the customer attributes beta does not strictly
		  require that you implement the Visitor ID service, but is highly recommended.
		  If you choose to do so, you can implement a portion of your pages for the beta.
		  You will have a six month grace period to upgrade across all properties. 
		</p> 
		<note>To simplify the implementation of the MAC Visitor ID service, use
		  dynamic tag management. If you use dynamic tag management, a temporary
		  work-around is required if you need to configure custom settings for
		  sequencing. 
		  <p>See 
			 <xref
			  href="https://marketing-beta-resource-help.s3.amazonaws.com/resources/help/crm/dtm-mc-id-settings-20140819.pdf"
			  format="https" scope="external">Dynamic Tag Management MACID Custom
				Settings</xref> (PDF). 
		  </p> 
		</note> 
	 </section> 
	 <section id="section_169FBF5B7BBA47CE825B7A330CF3FE98"> 
		<title>Uploading Attributes Data</title> 
		<p>As a beta tester you will need access to CRM or similar data from your
		  enterprise. The data you will upload to the Marketing Cloud via FTP or sFTP
		  must be a CSV file using the following form: 
		</p> 
		<table id="table_0E8BC62FB47D4D99B648F81C83A88A14"> 
		  <tgroup cols="6"><colspec colnum="1" colname="col1"
			 colwidth="*"/><colspec colnum="2" colname="col2" colwidth="*"/><colspec
			 colnum="3" colname="col3" colwidth="*"/><colspec colnum="4" colname="col4"
			 colwidth="*"/><colspec colnum="5" colname="col5" colwidth="*"/><colspec
			 colnum="6" colname="col6" colwidth="*"/><thead> 
				<row> 
				  <entry colname="col1">Customer ID 
				  </entry> 
				  <entry colname="col2">Age 
				  </entry> 
				  <entry colname="col3">Gender 
				  </entry> 
				  <entry colname="col4">Loyalty Level 
				  </entry> 
				  <entry colname="col5">Lifetime Value 
				  </entry> 
				  <entry colname="col6">... 
				  </entry> 
				</row></thead> 
			 <tbody> 
				<row> 
				  <entry colname="col1"> 
					 <p> 11jj454op69 
					 </p> 
				  </entry> 
				  <entry colname="col2"> 
					 <p>31 
					 </p> 
				  </entry> 
				  <entry colname="col3"> 
					 <p>F 
					 </p> 
				  </entry> 
				  <entry colname="col4"> 
					 <p>Platinum 
					 </p> 
				  </entry> 
				  <entry colname="col5"> 
					 <p>550 
					 </p> 
				  </entry> 
				  <entry colname="col6">... 
				  </entry> 
				</row> 
				<row> 
				  <entry colname="col1"> 
					 <p> 52mc210tr42 
					 </p> 
				  </entry> 
				  <entry colname="col2"> 
					 <p>40 
					 </p> 
				  </entry> 
				  <entry colname="col3"> 
					 <p>M 
					 </p> 
				  </entry> 
				  <entry colname="col4"> 
					 <p>Gold 
					 </p> 
				  </entry> 
				  <entry colname="col5"> 
					 <p>320 
					 </p> 
				  </entry> 
				  <entry colname="col6">... 
				  </entry> 
				</row> 
				<row> 
				  <entry colname="col1"> 
					 <p>... 
					 </p> 
				  </entry> 
				  <entry colname="col2"> 
					 <p>... 
					 </p> 
				  </entry> 
				  <entry colname="col3"> 
					 <p>... 
					 </p> 
				  </entry> 
				  <entry colname="col4"> 
					 <p>... 
					 </p> 
				  </entry> 
				  <entry colname="col5"> 
					 <p>... 
					 </p> 
				  </entry> 
				  <entry colname="col6"> 
					 <p>... 
					 </p> 
				  </entry> 
				</row> 
			 </tbody> 
		  </tgroup> 
		</table> 
		<p><b>Customer ID:</b> This column contains the unique identifier your
		  CRM uses for each person in your database. The remaining columns are attributes
		  that come from your CRM. You will choose how many attributes to upload. The
		  beta will support anywhere from one to hundreds of attributes per Customer ID.
		  Most testers will likely upload 20 or fewer attributes per customer record, but
		  you may choose to upload more if desired. 
		</p> 
		<p>Friendly, readable names are recommended for the column headings, but
		  not required. When you validate the schema after upload, you can map friendly
		  names to the uploaded rows and columns. 
		</p> 
		<p><b>Attribute Limits</b> 
		</p> 
		<table id="table_C807882F9C8A434B9845446AF0770C78"> 
		  <tgroup cols="2"><colspec colnum="1" colname="col1"
			 colwidth="1.00*"/><colspec colnum="2" colname="col2" colwidth="2.96*"/><thead> 
				<row> 
				  <entry colname="col1">Product 
				  </entry> 
				  <entry colname="col2">Attributes 
				  </entry> 
				</row></thead> 
			 <tbody> 
				<row> 
				  <entry colname="col1">Adobe Analytics Standard 
				  </entry> 
				  <entry colname="col2">Five attributes per Marketing Cloud
					 Organization. 
				  </entry> 
				</row> 
				<row> 
				  <entry colname="col1">Adobe Analytics Premium 
				  </entry> 
				  <entry colname="col2">1,000 limit per IMS Org. There is a
					 technical limit of 200 attributes per report suite. 
				  </entry> 
				</row> 
				<row> 
				  <entry colname="col1">Adobe Marketing Cloud 
				  </entry> 
				  <entry colname="col2">Hundreds. 
				  </entry> 
				</row> 
			 </tbody> 
		  </tgroup> 
		</table> 
		<p><b>Row Limits</b> 
		</p> 
		<p>There is no known limit to the number of rows. 
		</p> 
		<p><b>CSV File Requirements</b> 
		</p> 
		<ul id="ul_08619A2010E5425CADFE549EB84749BB"> 
		  <li id="li_9CDFBAC9C8FD466884E60AAC8CA2EC93"> Lines end with either a
			 CR or CR/LF. 
		  <!--Verify the requirements here.-->
		  </li> 
		  <li id="li_E17624AE5B1740BA97400D72B42814CD"> The first column must be
			 a unique customer ID. The ID used should correspond to the ID that is being
			 passed to the Marketing Cloud (Visitor ID) service (or the ID they are storing
			 in a prop or eVar). 
		  </li> 
		  <li id="li_3CA4961C1396438EA9FD1DED8188EEFC"> Subsequent columns should
			 contain customer attributes that come from the CRM. 
		  </li> 
		  <li id="li_6D81070D2CA544C08B75BAA20CA05ACF"> Files should include a
			 header on the first line. The name of the first column is not too important,
			 because the system assumes that the first column is the ID column. Subsequent
			 headers should represent the name of each attribute. 
		  </li> 
		  <li id="li_B2AAA08B33074CCFB33DFE2DABBE8DCF"> Each record should
			 contain the same number of comma-separated fields. 
		  </li> 
		  <li id="li_BF7A482A72244F20A01D8CF435800A35"> Fields containing a
			 line-break, double-quote, or commas must be quoted. 
		  </li> 
		  <li id="li_539400455C9040599CD7ADAE44462649"> Double quote characters
			 in a field must be escaped via a backslash (\). 
		  </li> 
		  <li id="li_327EFE0B26A54F1F9723A38AB1EE26A9"> Charset: UTF8 
		  </li> 
		  <li id="li_32D3135D27164863ABCFD1E7581F0236"> Only primitive data types
			 are allowed with CSV: string, integer, boolean, number. 
		  </li> 
		  <li id="li_955A6AC94AAC4330BD956926E9020D04"> Blank columns are stored
			 as 
			 <term>null</term>. 
		  </li> 
		  <li id="li_9404B0CF11774010A7687A1BF6F5C6DE"> All fields are required
			 even if they are not set. 
		  </li> 
		</ul> 
		<p><b>Naming Conventions</b> 
		</p> 
		<p> Files uploaded for CRS must adhere to the following naming
		  conventions: 
		</p> 
		<p> 
		  <codeblock> &lt;filename&gt;[.&lt;partno&gt;].(csv|json|aam)[.gz]</codeblock> 
		</p> 
		<p>The 
		  <term>&lt;filename&gt;</term> portion can be anything though its
		  usually a good idea to include a date stamp in the name. 
		</p> 
		<p>Files uploaded for CRS must have one of the following extensions: 
		</p> 
		<p> 
		<ul id="ul_9750516731AA46FF89C8AF112EDCA014"> 
		  <li id="li_FC1435DD44DA4CEA88BB831B157A4CCC">.csv - for CSV files 
		  </li> 
		  <li id="li_C68D415A454846008F5F1B020B757237">.json - for JSON files 
		  </li> 
		  <li id="li_B3B62B8235D54EEAB59FCFFA6008C7C0">.aam - for Adobe audience
			 management files 
		  </li> 
		</ul> 
		</p> 
		<p>Files uploaded for CRS can also be compressed with gzip. If
		  compressed, a 
		  <filepath>.gz</filepath> extension must be appended. 
		</p> 
		<p>Large files should be split before any compression is applied. When a
		  file is split, a part number should be appended after the filename but before
		  any extensions. 
		</p> 
		<p>Once a file or file(s) are successfully uploaded, a 
		  <filepath>.fin</filepath> file should be uploaded to indicate that the
		  uploaded completed successfully. The 
		  <filepath>.fin</filepath> file should have the same filename as the
		  data files. 
		</p> 
		<p>Examples of valid filenames: 
		</p> 
		<p> 
		<ul id="ul_EFB35B2D1C934319B50D2C27366D90E1"> 
		  <li
			id="li_905E572E5B89447F8CD3ED9D57AD83F5"><filepath>upload_20140622.csv</filepath>:
			 The filename is 
			 <filepath>upload_20140622</filepath> and it is an uncompressed CSV
			 file. The corresponding 
			 <filepath>.fin</filepath> file is 
			 <filepath>upload_20140622.fin</filepath>. 
		  </li> 
		  <li
			id="li_0E6666DA1C004263A6EC963FF97302FF"><filepath>upload_20140622.json.gz</filepath>:
			 The filename 
			 <filepath>upload_20140622</filepath> and it is a compressed JSON
			 file. The corresponding 
			 <filepath>.fin</filepath> file is 
			 <filepath>upload_20140622.fin</filepath>. 
		  </li> 
		  <li
			id="li_BF40B042BF684E119756B2CF61E08BFD"><filepath>upload_20140622.0.csv.gz,
				upload_20140622.1.csv.gz, upload_20140622.2.csv.gz,
				upload_20140622.3.csv.gz</filepath>: The filename is 
			 <filepath>upload_20140622</filepath>. It is a compressed CSV file
			 that has been split into four parts. The corresponding 
			 <filepath>.fin</filepath> file is 
			 <filepath>upload_20140622.fin</filepath>. 
		  </li> 
		</ul> 
		</p> 
		<p><b>FTP and sFTP</b> 
		</p> 
		<p>Guidelines for FTP: 
		</p> 
		<ul id="ul_E157EE6F98914EADA0C103D1D1E705D3"> 
		  <li id="li_84FBD455DD164A28AC16F4A5AB19E4B3">File size limit for FTP is
			 2 GB for each upload. 
		  </li> 
		  <li id="li_B69A20C51D824727AA99C1F6F78537A4"> You should drop your 
			 <filepath>.csv</filepath> (and 
			 <filepath>.fin</filepath>) file in the root folder of the FTP site. 
		  </li> 
		  <li id="li_69FB28D9A01641E9A76D679CBAA44026"> If the upload is
			 successful, both files are moved to a folder called "processed". 
		  </li> <!--<li id="li_A26754E66D6D43A1BAD3CC16B90D2514"> If the upload is not successful, both files are moved to a "failed" folder and an additional file (name?) is added to that failed (?) folder that contains troubleshooting information. </li>-->
		</ul> 
		<p> Adobe supports FTP and sFTP. To use sFTP, select sFTP in your FTP
		  client, then enter your username and password to connect. 
		</p> 
		<p>For instructions about setting up sFTP, see 
		  <xref
			href="http://microsite.omniture.com/t2/help/en_US/whitepapers/ftp/ftp_sftp.html"
			format="http" scope="external">Secure File Transfer Protocol</xref>. 
		</p> 
	 </section> 
	 <section id="section_F358D10FB8394F9D97C48ADBF7E02BF1"> 
		<title>Testing Customer Attributes in Adobe Analytics</title> 
		<p>The attributes you upload will appear in Adobe Analytics as dimensions
		  and metrics. Using these dimensions and metrics, you will run reports and
		  perform analysis including breakdowns and segmentation. Customer attributes
		  will appear in these Adobe Analytics tools: 
		</p> 
		<ul id="ul_823F38979CD74E64B2BE15D8242F9E6C"> 
		  <li id="li_9A8B4158AE8649D18AFF96D6B4F3C886">Reports &amp; analytics 
		  </li> 
		  <li id="li_B8C821A1E71341529A324731E418A36C">Ad hoc analysis 
		  </li> 
		  <li id="li_D3BACD0E68C04C5FA8A2F55A4814C516">Reporting API 
		  </li> 
		  <li id="li_0227C81FAE9946FF93091B73523C6FDB">Report builder 
		  </li> 
		</ul> 
	 </section> 
	 <section id="section_6453C2C7BC2E45AAB14D556A27B308D3"> 
		<title>Beta Testing Requirements</title> 
		<p>To participate in the customer attributes beta you must meet the
		  following requirements: 
		</p> 
		<p> 
		<ul id="ul_C662C1368E36476D850E4183467E35F6"> 
		  <li id="li_537371EE48F34A74B08319C09DF7F9F1">Your company must
			 subscribe to either Analytics Standard or Analytics Premium. 
		  </li> 
		  <li id="li_7023772B39F14B18825C37A700E548E6"> Your company must be
			 enabled for the Marketing Cloud and you must have your Marketing Cloud
			 Organization ID. 
		  </li> 
		  <li id="li_A1E332A175D44A169A7620868020A981">You must be willing and
			 able to accept the Beta Test Software Agreement, including a confidentiality
			 clause. The Beta Test Software Agreement is a click-through agreement that is
			 presented to you when you log into the beta environment for the first time. 
		  </li> 
		  <li id="li_4BB8417A3AF348CC874AA8B6FED5B8B3">You must 
			 <xref
			  href="visitor_data_sources.xml#concept_F03C9AEE1B804478932972AC0D5B3229/section_169FBF5B7BBA47CE825B7A330CF3FE98"
			  format="dita" scope="local">upload CRM data</xref> to Adobe. 
		  </li> 
		  <li id="li_C8F5AF1B87C540F09029FA1D97D8EBF9">You must set the Customer
			 ID in your Analytics implementation as described above. 
		  </li> 
		  <li id="li_726D71D9EEA8426DAA2D80838878D746">Using the selected report
			 suite, your Analytics implementation must synchronize the Customer ID with the
			 Marketing Cloud as describe above. 
		  </li> 
		</ul> 
		</p> 
		<p><b>Note about Analytics Premium:</b> Some of the functionality you
		  will be testing will be available only to Analytics Premium customers at
		  product release time. However, you are not required to be a Premium customer in
		  order to participate in the beta. 
		</p> 
	 </section> 
	 <section id="section_A3E99402580541A1BEE324C8F8F1BB09"> 
		<title>FAQ</title> 
		<draft-comment> 
		  <p>Add a when does data show up in AN? When users log in? Uploading
			 does not send to AN. The subscription does. Verify. 
		  </p> 
		  <p>Get potential errors from upload from Trent. 
		  </p> 
		  <p>evar and prop numbers need to go to Ambria, for company setup.
			 Customer Source ID. 
		  </p> 
		</draft-comment> 
		<table id="table_88631069013B408EBB0A810657662B36"> 
		  <tgroup cols="2"><colspec colnum="1" colname="col1"
			 colwidth="1.00*"/><colspec colnum="2" colname="col2" colwidth="1.77*"/><thead> 
				<row> 
				  <entry colname="col1">Question 
				  </entry> 
				  <entry colname="col2">Answer 
				  </entry> 
				</row></thead> 
			 <tbody> 
				<row> 
				  <entry colname="col1"> 
					 <p>When does the beta start? 
					 </p> 
				  </entry> 
				  <entry colname="col2"> 
					 <p>We anticipate starting the beta in August 2014. 
					 </p> 
				  </entry> 
				</row> 
				<row> 
				  <entry colname="col1"> 
					 <p>How is this functionality different than what is provided in
						Analytics premium? 
					 </p> 
				  </entry> 
				  <entry colname="col2"> 
					 <p>In the past, customers interested in combining customer
						attribute data with Analytics data have relied heavily on the data workbench
						tool for this functionality. The customer attributes beta exposes this
						functionality to a wider audience by providing customer attributes as
						dimensions and metrics in reports &amp; analytics, ad hoc reporting, and report
						builder. Analytics Standard customers will have access to customer attributes,
						but with limited capabilities. The full capabilities will be available to
						Analytics Premium customers. 
					 </p> 
				  </entry> 
				</row> 
				<row> 
				  <entry colname="col1"> 
					 <p>Why does Adobe recommend migration to the Visitor ID
						Service? 
					 </p> 
				  </entry> 
				  <entry colname="col2"> 
					 <p>Using the Visitor ID service enhances the functionality
						opens the doors to using the latest and greatest Marketing Cloud functionality,
						including real-time audiences, the Target/Analytics integration, and video
						heartbeat tracking. 
					 </p> 
					 <p>For more details see 
						<xref
						 href="http://microsite.omniture.com/t2/help/en_US/mcvid/"
						 format="nondita">Marketing Cloud Visitor ID Service</xref>. 
					 </p> 
				  </entry> 
				</row> 
				<row> 
				  <entry colname="col1"> 
					 <p>Why is it preferable to use the Visitor ID service to set
						the Customer ID instead of populating the Customer ID in a prop or eVar? 
					 </p> 
				  </entry> 
				  <entry colname="col2"> 
					 <p>Using the Visitor ID service offers a number of benefits: 
					 </p> 
					 <ul id="ul_5D3659604D43419F9CA5920B4F93728E"> 
						<li id="li_BA2EF0715C5A47EFAFA7191CFAD088A4">If you do not
						  set the Customer ID with the Visitor ID service, the customer records are
						  available only to Adobe Analytics. If you want to use the customer records for
						  real-time targeting, you must use the Visitor ID service. 
						</li> 
						<li id="li_228358684E474A298E39578D427BF932">Using the
						  Visitor ID service to set the Customer ID reduces the time it takes to
						  synchronize IDs with the Marketing Cloud. If you put the Customer ID in a prop
						  or eVar, the Customer IDs are sent to the Marketing Cloud via back-end server
						  synchronization that occurs in batches. The Visitor ID service synchronizes the
						  Customer ID with the Marketing Cloud immediately. 
						</li> 
						<li id="li_BCF28219E4014FCF9F747C3D8D270526"> Using the
						  Visitor ID service instead of a prop or eVar frees up that prop or eVar for
						  other uses. 
						</li> 
						<li id="li_2264FA91BF88411D8481449AB884F050">We need to test
						  the Visitor ID service with customer attributes during the beta test to ensure
						  it will work properly, so we would appreciate your help in testing it where
						  feasible. 
						</li> 
					 </ul> 
				  </entry> 
				</row> 
				<row> 
				  <entry colname="col1"> 
					 <p>If I am already storing a customer ID in a prop or eVar, why
						would I use this new functionality instead of classifying my prop or eVar with
						CRM attributes? 
					 </p> 
				  </entry> 
				  <entry colname="col2"> 
					 <p>Props and eVars are subject to Uniques Exceeded limitations.
						Using this new beta functionality you can bring in attribute data for an
						unlimited number of customer IDs. Also, using the prop/eVar approach limits the
						CRM information to Analytics. 
					 </p> 
				  </entry> 
				</row> 
				<row> 
				  <entry colname="col1"> 
					 <p>Will DTM help? 
					 </p> 
				  </entry> 
				  <entry colname="col2"> 
					 <p>If you are already taking advantage of dynamic tag manager,
						implementing the visitor ID service is greatly simplified. 
					 </p> 
					 <draft-comment> 
						<p>Link to section above. 
						</p> 
					 </draft-comment> 
				  </entry> 
				</row> 
				<row> 
				  <entry colname="col1"> 
					 <p>How does this beta functionality relate to the Master
						Marketing Profile? 
					 </p> 
				  </entry> 
				  <entry colname="col2"> 
					 <p>During the beta, you will test a generic data on-boarding
						tool for the Marketing Cloud that will feed attributes into the Master
						Marketing Profile (stay tuned for more information). The Master Marketing
						Profile is a consolidated profile of audience profile and attributes for each
						visitor that is available for real time targeting use cases. 
					 </p> 
				  </entry> 
				</row> 
				<row> 
				  <entry colname="col1"> 
					 <p>How does the customer attribute functionality relate to
						Adobe audience management? 
					 </p> 
				  </entry> 
				  <entry colname="col2"> 
					 <p>While audience management can receive data to perform
						audience identification, it cannot perform analytics functionality that ties
						attributes to historical behavioral data or provide the reporting, analysis,
						and segmentation capabilities that are available in Adobe Analytics. 
					 </p> 
				  </entry> 
				</row> 
				<row> 
				  <entry colname="col1"> 
					 <p>How will my CRM attributes appear in Adobe Analytics? 
					 </p> 
				  </entry> 
				  <entry colname="col2"> 
					 <p>CRM attributes will be manifest in reports &amp; analytics,
						ad hoc analysis reporting, the reporting API, and report builder. Text
						attributes will appear as reports/dimensions. Numeric attributes will appear as
						both dimensions and metrics. 
					 </p> 
				  </entry> 
				</row> 
				<row> 
				  <entry colname="col1"> 
					 <p>Will the CRM data be available in data warehouse and in data
						feeds? 
					 </p> 
				  </entry> 
				  <entry colname="col2"> 
					 <p>The CRM data will not be available in data warehouse or data
						feeds as a part of this beta or the initial release. These will be added at a
						later time. 
					 </p> 
				  </entry> 
				</row> 
			 </tbody> 
		  </tgroup> 
		</table> 
	 </section> 
  </conbody>
</concept>
